Player,Pos,Age,Tm,G,GS,MP,FG,FGA,FG%,3P,3PA,3P%,2P,2PA,2P%,eFG%,FT,FTA,FT%,ORB,DRB,TRB,AST,STL,BLK,TOV,PF,PTS
Precious Achiuwa,C,24,TOR,5,0,20.6,3.0,7.4,.405,0.2,1.6,.125,2.8,5.8,.483,.419,0.6,0.6,1.000,1.8,4.8,6.6,2.0,0.2,0.2,1.6,2.0,6.8
Bam Adebayo,C,26,MIA,9,9,34.6,8.4,16.0,.528,0.1,0.2,.500,8.3,15.8,.528,.531,6.2,7.8,.800,2.6,7.9,10.4,3.8,1.2,1.4,3.1,2.2,23.2
Ochai Agbaji,SG,23,UTA,10,2,16.3,1.7,4.1,.415,1.0,2.7,.370,0.7,1.4,.500,.537,0.0,0.2,.000,0.5,1.7,2.2,1.0,0.2,0.6,0.7,1.3,4.4
Santi Aldama,PF,23,MEM,4,0,20.0,3.5,8.3,.424,1.3,3.0,.417,2.3,5.3,.429,.500,0.3,1.0,.250,0.8,3.8,4.5,1.3,0.5,0.5,1.3,1.5,8.5
Nickeil Alexander-Walker,SG,25,MIN,9,2,19.0,1.8,4.7,.381,0.9,2.7,.333,0.9,2.0,.444,.476,0.2,0.7,.333,0.1,2.1,2.2,2.8,0.9,0.8,0.9,1.6,4.7
Grayson Allen,SG,28,PHO,10,10,31.4,4.3,9.2,.467,2.7,5.6,.482,1.6,3.6,.444,.614,0.9,0.9,1.000,1.2,4.1,5.3,2.9,0.5,0.4,1.8,2.5,12.2
Jarrett Allen,C,25,CLE,5,5,25.0,4.0,6.2,.645,0.0,0.0,,4.0,6.2,.645,.645,4.0,5.2,.769,3.6,3.6,7.2,1.8,0.6,0.6,1.4,2.2,12.0
Kyle Anderson,PF,30,MIN,9,0,24.9,3.1,5.2,.596,0.2,0.9,.250,2.9,4.3,.667,.617,1.0,1.8,.563,0.7,3.2,3.9,4.2,1.1,0.7,2.0,1.4,7.4
Giannis Antetokounmpo,PF,29,MIL,10,10,32.5,11.0,18.9,.582,0.6,2.4,.250,10.4,16.5,.630,.598,6.9,10.8,.639,2.3,7.3,9.6,3.6,0.9,1.3,4.3,2.9,29.5
Thanasis Antetokounmpo,PF,31,MIL,3,0,7.0,0.3,0.7,.500,0.0,0.0,,0.3,0.7,.500,.500,0.0,0.0,,0.0,0.0,0.0,1.3,0.3,0.3,1.3,1.3,0.7
Cole Anthony,PG,23,ORL,9,0,23.6,4.2,9.7,.437,1.3,3.7,.364,2.9,6.0,.481,.506,3.8,4.8,.791,0.7,3.2,3.9,2.8,0.8,0.3,2.0,2.4,13.6
OG Anunoby,SF,26,TOR,8,8,31.4,6.3,12.3,.510,2.8,7.0,.393,3.5,5.3,.667,.622,1.1,1.9,.600,0.6,3.4,4.0,1.8,1.3,0.6,1.6,2.3,16.4
Ryan Arcidiacono,PG,29,NYK,3,0,2.0,0.0,0.3,.000,0.0,0.3,.000,0.0,0.0,,.000,0.0,0.0,,0.0,0.3,0.3,0.0,0.0,0.0,0.0,0.0,0.0
Deni Avdija,SF,23,WAS,10,10,27.1,5.1,10.2,.500,1.1,3.0,.367,4.0,7.2,.556,.554,1.2,1.6,.750,1.5,4.5,6.0,3.9,1.1,0.3,1.7,2.3,12.5
Deandre Ayton,C,25,POR,9,9,31.8,5.6,9.6,.581,0.0,0.0,,5.6,9.6,.581,.581,0.3,0.3,1.000,2.7,9.6,12.2,1.2,1.8,1.0,1.8,3.1,11.4
Udoka Azubuike,C,24,PHO,2,0,4.5,0.5,0.5,1.000,0.0,0.0,,0.5,0.5,1.000,1.000,0.0,0.0,,0.0,2.0,2.0,0.0,0.0,0.0,0.0,0.5,1.0
Marvin Bagley III,C,24,DET,11,3,18.8,3.9,6.9,.566,0.1,0.5,.200,3.8,6.5,.592,.572,2.5,2.8,.903,1.5,3.4,4.8,1.3,0.0,0.5,1.3,1.8,10.5
Amari Bailey,PG,19,CHO,1,0,3.0,1.0,3.0,.333,0.0,0.0,,1.0,3.0,.333,.333,0.0,0.0,,2.0,0.0,2.0,0.0,0.0,0.0,0.0,0.0,2.0
Patrick Baldwin Jr.,SF,21,WAS,2,0,4.5,0.0,1.0,.000,0.0,0.5,.000,0.0,0.5,.000,.000,0.0,0.0,,0.0,0.0,0.0,0.5,0.0,0.0,0.0,0.0,0.0
LaMelo Ball,PG,22,CHO,9,9,32.9,7.6,17.6,.430,2.9,8.0,.361,4.7,9.6,.488,.513,3.6,4.3,.821,1.9,3.4,5.3,8.3,1.4,0.3,3.6,3.9,21.6
Mo Bamba,C,25,PHI,4,0,2.3,0.0,0.5,.000,0.0,0.0,,0.0,0.5,.000,.000,0.5,0.5,1.000,0.5,1.0,1.5,0.0,0.0,0.5,0.8,0.8,0.5
Paolo Banchero,PF,21,ORL,9,9,33.9,6.7,14.1,.472,0.9,2.7,.333,5.8,11.4,.505,.504,4.7,7.0,.667,1.6,5.3,6.9,5.3,1.4,0.3,3.7,2.9,18.9
Desmond Bane,SG,25,MEM,10,10,35.4,9.8,21.6,.454,3.5,9.9,.354,6.3,11.7,.538,.535,3.4,4.1,.829,0.7,4.1,4.8,4.5,1.6,1.0,2.7,3.2,26.5
Dalano Banton,PG,24,BOS,4,0,7.0,1.3,2.3,.556,0.0,0.5,.000,1.3,1.8,.714,.556,0.8,0.8,1.000,0.8,0.8,1.5,0.5,0.3,0.0,0.3,0.8,3.3
Dominick Barlow,PF,20,SAS,3,0,5.3,0.7,1.7,.400,0.0,0.0,,0.7,1.7,.400,.400,0.7,1.3,.500,0.0,0.3,0.3,0.0,0.0,0.0,0.0,0.3,2.0
Harrison Barnes,PF,31,SAC,9,9,30.1,3.8,7.9,.479,1.7,4.3,.385,2.1,3.6,.594,.585,2.0,2.6,.783,0.8,2.3,3.1,1.2,0.4,0.1,0.6,0.9,11.2
Scottie Barnes,SG,22,TOR,10,10,36.1,7.6,16.4,.463,1.8,5.3,.340,5.8,11.1,.523,.518,3.1,4.1,.756,2.8,6.9,9.7,5.6,1.8,1.8,2.5,2.4,20.1
RJ Barrett,SG,23,NYK,7,7,31.1,7.9,16.1,.487,2.9,5.7,.500,5.0,10.4,.479,.575,4.0,4.7,.848,0.6,2.9,3.4,3.1,0.6,0.3,2.1,1.1,22.6
Charles Bassey,C,23,SAS,10,0,11.6,1.7,2.2,.773,0.0,0.1,.000,1.7,2.1,.810,.773,0.2,0.3,.667,1.3,2.4,3.7,1.0,0.8,0.6,0.6,1.5,3.6
Emoni Bates,SF,20,CLE,3,0,10.0,1.0,3.0,.333,0.7,2.0,.333,0.3,1.0,.333,.444,0.3,0.7,.500,0.3,1.7,2.0,0.3,0.0,0.3,0.3,0.3,3.0
Keita Bates-Diop,SF,28,PHO,7,4,22.1,2.6,6.0,.429,0.9,2.6,.333,1.7,3.4,.500,.500,0.7,1.3,.556,1.3,3.0,4.3,1.3,0.6,0.9,0.1,1.0,6.7
Nicolas Batum,PF,35,TOT,7,1,22.4,1.9,3.3,.565,1.4,2.9,.500,0.4,0.4,1.000,.783,0.0,0.0,,0.7,2.6,3.3,1.3,0.9,1.1,0.3,2.0,5.1
Nicolas Batum,PF,35,LAC,3,0,18.0,1.0,2.7,.375,0.7,2.3,.286,0.3,0.3,1.000,.500,0.0,0.0,,0.0,2.3,2.3,1.7,1.0,1.3,0.3,1.7,2.7
Nicolas Batum,PF,35,PHI,4,1,25.8,2.5,3.8,.667,2.0,3.3,.615,0.5,0.5,1.000,.933,0.0,0.0,,1.3,2.8,4.0,1.0,0.8,1.0,0.3,2.3,7.0
Bradley Beal,SG,30,PHO,3,3,28.7,6.0,15.3,.391,1.7,5.0,.333,4.3,10.3,.419,.446,3.7,5.3,.688,1.0,4.3,5.3,3.7,0.7,0.3,3.0,3.0,17.3
Malik Beasley,SG,27,MIL,10,10,25.1,2.9,6.7,.433,2.0,4.9,.408,0.9,1.8,.500,.582,0.5,0.9,.556,0.5,3.1,3.6,1.4,1.0,0.0,0.8,2.1,8.3
MarJon Beauchamp,SF,23,MIL,9,0,17.4,2.7,5.3,.500,1.2,2.8,.440,1.4,2.6,.565,.615,0.6,0.9,.625,0.9,1.7,2.6,1.0,0.2,0.1,0.8,1.7,7.1
Dāvis Bertāns,PF,31,OKC,3,0,8.3,0.3,1.7,.200,0.3,1.7,.200,0.0,0.0,,.300,2.0,2.0,1.000,0.0,0.3,0.3,0.3,0.3,0.0,0.0,1.0,3.0
Patrick Beverley,PG,35,PHI,9,0,15.6,1.0,2.6,.391,0.2,1.2,.182,0.8,1.3,.583,.435,0.1,0.1,1.000,1.2,2.0,3.2,2.1,0.6,0.6,0.6,1.8,2.3
Saddiq Bey,SF,24,ATL,9,3,27.6,3.9,8.6,.455,1.7,4.3,.385,2.2,4.2,.526,.552,1.1,1.2,.909,2.1,3.7,5.8,1.0,0.9,0.2,1.4,1.3,10.6
Goga Bitadze,C,24,ORL,7,4,14.4,2.0,3.6,.560,0.0,0.3,.000,2.0,3.3,.609,.560,1.6,2.1,.733,2.1,2.7,4.9,1.0,0.7,1.1,0.6,1.4,5.6
Onuralp Bitim,SG,24,CHI,1,0,3.0,0.0,0.0,,0.0,0.0,,0.0,0.0,,,0.0,0.0,,0.0,0.0,0.0,0.0,0.0,0.0,0.0,0.0,0.0
Bismack Biyombo,C,31,MEM,5,4,25.0,3.4,5.2,.654,0.0,0.0,,3.4,5.2,.654,.654,2.2,3.4,.647,4.8,4.8,9.6,1.4,0.6,1.0,0.8,3.2,9.0
Anthony Black,PG,20,ORL,7,3,19.0,2.4,3.7,.654,0.7,1.4,.500,1.7,2.3,.750,.750,0.7,1.0,.714,0.9,1.3,2.1,1.6,0.6,0.4,0.6,1.7,6.3
Leaky Black,SF,24,CHO,2,0,5.0,1.0,1.5,.667,0.5,0.5,1.000,0.5,1.0,.500,.833,0.0,0.0,,0.0,1.0,1.0,0.5,0.0,1.0,0.0,0.5,2.5
Bogdan Bogdanović,SG,31,ATL,9,0,25.0,4.9,11.3,.431,2.8,7.7,.362,2.1,3.7,.576,.554,0.4,0.4,1.000,0.3,2.3,2.7,3.0,1.6,0.3,1.0,1.9,13.0
Bol Bol,PF,24,PHO,3,0,2.3,0.3,0.3,1.000,0.0,0.0,,0.3,0.3,1.000,1.000,0.0,0.0,,0.0,0.3,0.3,0.0,0.0,0.3,0.7,0.0,0.7
Devin Booker,SG,27,PHO,2,2,36.0,11.5,20.0,.575,4.0,7.5,.533,7.5,12.5,.600,.675,4.5,4.5,1.000,1.0,6.5,7.5,10.5,0.5,0.0,5.5,4.0,31.5
Chris Boucher,PF,31,TOR,8,0,16.1,2.3,4.5,.500,0.5,1.4,.364,1.8,3.1,.560,.556,1.8,2.0,.875,1.4,3.6,5.0,0.6,0.3,0.8,0.6,2.6,6.8
Jamaree Bouyea,PG,24,POR,1,0,12.0,3.0,6.0,.500,0.0,1.0,.000,3.0,5.0,.600,.500,0.0,0.0,,1.0,3.0,4.0,3.0,0.0,0.0,1.0,0.0,6.0
Malaki Branham,SG,20,SAS,10,3,19.6,3.6,8.2,.439,1.1,3.1,.355,2.5,5.1,.490,.506,0.5,0.5,1.000,0.1,1.4,1.5,2.4,0.5,0.1,0.9,1.1,8.8
Christian Braun,SG,22,DEN,10,0,18.9,2.5,6.0,.417,0.4,1.8,.222,2.1,4.2,.500,.450,1.5,2.2,.682,1.1,3.3,4.4,2.2,0.5,0.3,0.6,1.4,6.9
Mikal Bridges,SF,27,BRK,10,10,34.5,7.5,16.7,.449,1.8,6.7,.269,5.7,10.0,.570,.503,3.4,4.0,.850,1.4,4.9,6.3,3.7,1.0,0.5,2.1,1.9,20.2
Oshae Brissett,SF,25,BOS,6,0,11.2,0.5,2.8,.176,0.2,1.5,.111,0.3,1.3,.250,.206,1.0,1.3,.750,1.0,1.3,2.3,0.3,0.7,0.0,0.3,0.8,2.2
Malcolm Brogdon,PG,31,POR,8,3,27.8,6.1,15.1,.405,2.0,5.9,.340,4.1,9.3,.446,.471,3.0,3.8,.800,1.0,3.8,4.8,5.5,0.8,0.0,1.6,1.4,17.3
Armoni Brooks,PG,25,BRK,3,0,12.0,2.0,4.0,.500,1.7,3.0,.556,0.3,1.0,.333,.708,0.0,0.0,,0.3,1.7,2.0,0.0,0.0,0.0,0.3,0.0,5.7
Dillon Brooks,SF,28,HOU,9,9,30.9,4.8,8.7,.551,1.8,3.3,.533,3.0,5.3,.563,.654,2.3,2.8,.840,0.4,3.8,4.2,2.0,1.1,0.1,2.0,3.4,13.7
Bruce Brown,SG,27,IND,10,10,31.1,4.2,9.2,.457,1.6,4.0,.400,2.6,5.2,.500,.543,1.0,1.2,.833,0.8,3.7,4.5,2.7,1.0,0.4,1.0,1.8,11.0
Jaylen Brown,SF,27,BOS,10,10,33.7,8.5,18.5,.459,2.8,7.7,.364,5.7,10.8,.528,.535,3.1,4.2,.738,0.5,4.7,5.2,3.2,1.0,0.4,2.5,2.7,22.9
Kobe Brown,PF,24,LAC,6,0,8.7,1.2,2.3,.500,0.5,1.3,.375,0.7,1.0,.667,.607,0.0,0.0,,0.3,1.0,1.3,0.3,0.2,0.2,0.2,1.3,2.8
Moses Brown,C,24,POR,1,0,5.0,2.0,3.0,.667,0.0,0.0,,2.0,3.0,.667,.667,0.0,2.0,.000,2.0,1.0,3.0,1.0,0.0,1.0,0.0,1.0,4.0
Troy Brown Jr.,SF,24,MIN,6,0,5.8,0.5,1.5,.333,0.0,0.7,.000,0.5,0.8,.600,.333,1.0,1.0,1.000,0.2,1.5,1.7,0.3,0.2,0.0,0.5,0.2,2.0
Jalen Brunson,PG,27,NYK,10,10,34.3,8.0,18.9,.423,2.6,6.0,.433,5.4,12.9,.419,.492,4.0,4.9,.816,0.7,2.6,3.3,4.3,1.1,0.0,2.2,1.9,22.6
Thomas Bryant,C,26,MIA,9,1,13.6,2.2,4.1,.541,0.0,0.2,.000,2.2,3.9,.571,.541,1.1,1.4,.769,1.1,2.9,4.0,0.7,0.4,0.3,1.1,1.3,5.6
Kobe Bufkin,SG,20,ATL,2,0,2.0,0.0,1.5,.000,0.0,0.5,.000,0.0,1.0,.000,.000,0.5,1.0,.500,0.5,0.5,1.0,0.0,0.0,0.0,0.0,0.0,0.5
Reggie Bullock,SF,32,HOU,5,0,10.4,0.4,1.6,.250,0.4,1.4,.286,0.0,0.2,.000,.375,0.0,0.0,,0.0,1.4,1.4,0.6,0.2,0.2,0.4,0.8,1.2
Alec Burks,SG,32,DET,5,0,24.6,4.0,9.2,.435,3.2,6.4,.500,0.8,2.8,.286,.609,4.0,4.8,.833,0.4,2.8,3.2,2.6,0.2,0.6,0.0,1.6,15.2
Jared Butler,SG,23,WAS,2,0,4.5,0.5,2.0,.250,0.5,1.5,.333,0.0,0.5,.000,.375,0.0,0.0,,0.0,0.0,0.0,0.5,0.0,0.0,0.5,0.0,1.5
Jimmy Butler,PF,34,MIA,8,8,33.8,5.8,13.6,.422,1.0,2.1,.471,4.8,11.5,.413,.459,6.0,6.9,.873,2.6,3.5,6.1,3.5,1.4,0.4,1.4,0.6,18.5
Jamal Cain,PF,24,MIA,3,0,10.0,1.3,3.0,.444,0.0,1.3,.000,1.3,1.7,.800,.444,0.0,0.0,,1.0,1.0,2.0,0.0,1.0,0.0,0.3,0.7,2.7
Kentavious Caldwell-Pope,SG,30,DEN,10,10,33.3,3.5,7.4,.473,1.6,3.7,.432,1.9,3.7,.514,.581,1.1,1.1,1.000,0.2,1.7,1.9,1.7,1.8,0.5,1.2,2.5,9.7
Toumani Camara,PF,23,POR,9,0,24.6,1.9,5.6,.340,0.6,2.1,.263,1.3,3.4,.387,.390,1.0,1.3,.750,2.1,2.6,4.7,1.3,0.8,0.7,1.0,2.4,5.3
Clint Capela,C,29,ATL,9,9,24.8,4.1,7.2,.569,0.0,0.0,,4.1,7.2,.569,.569,1.7,2.4,.682,4.0,6.7,10.7,0.9,0.6,1.4,0.6,1.9,9.9
Jevon Carter,PG,28,CHI,11,0,14.8,2.7,5.7,.476,1.7,3.5,.500,1.0,2.3,.440,.627,0.0,0.1,.000,0.1,0.5,0.5,1.2,0.5,0.4,0.9,1.2,7.2
Wendell Carter Jr.,C,24,ORL,5,5,29.4,3.4,9.0,.378,1.0,3.2,.313,2.4,5.8,.414,.433,1.6,2.8,.571,2.2,6.4,8.6,1.6,0.6,0.4,1.6,2.8,9.4
Alex Caruso,SG,29,CHI,9,0,23.6,2.9,4.9,.591,1.2,2.8,.440,1.7,2.1,.789,.716,0.8,1.2,.636,1.4,2.4,3.9,2.4,1.6,0.8,1.0,2.6,7.8
Colin Castleton,C,23,LAL,2,0,9.5,1.0,2.0,.500,0.0,0.0,,1.0,2.0,.500,.500,0.0,0.0,,1.0,0.5,1.5,1.0,0.0,0.0,0.0,2.5,2.0
Malcolm Cazalon,SG,22,DET,1,0,3.0,0.0,0.0,,0.0,0.0,,0.0,0.0,,,0.0,0.0,,0.0,0.0,0.0,0.0,0.0,0.0,0.0,0.0,0.0
Julian Champagnie,SF,22,SAS,5,0,7.2,0.8,3.6,.222,0.2,2.0,.100,0.6,1.6,.375,.250,0.0,0.0,,0.0,0.8,0.8,0.0,0.2,0.6,0.6,0.0,1.8
Max Christie,SG,20,LAL,6,0,17.0,1.2,4.3,.269,0.2,1.7,.100,1.0,2.7,.375,.288,0.7,0.8,.800,0.3,3.0,3.3,0.7,0.3,0.2,0.7,1.5,3.2
Jordan Clarkson,SG,31,UTA,10,10,31.3,5.9,15.2,.388,1.5,5.2,.288,4.4,10.0,.440,.438,3.2,3.8,.842,1.6,2.0,3.6,4.9,0.8,0.2,3.7,1.5,16.5
Nic Claxton,C,24,BRK,2,2,28.0,4.0,8.5,.471,0.0,0.0,,4.0,8.5,.471,.471,0.5,0.5,1.000,4.0,6.0,10.0,3.0,0.0,3.5,0.0,1.5,8.5
Amir Coffey,SF,26,LAC,5,0,7.4,0.4,1.6,.250,0.0,0.4,.000,0.4,1.2,.333,.250,0.8,0.8,1.000,0.0,0.6,0.6,0.4,0.0,0.0,0.4,0.4,1.6
John Collins,PF,26,UTA,10,10,31.1,5.6,10.3,.544,1.5,3.5,.429,4.1,6.8,.603,.617,2.3,3.2,.719,2.5,5.5,8.0,0.9,0.6,0.7,1.3,3.5,15.0
Zach Collins,C,26,SAS,10,10,29.8,5.6,10.5,.533,1.0,3.7,.270,4.6,6.8,.676,.581,1.8,2.5,.720,1.6,4.4,6.0,4.0,0.6,1.1,2.6,3.4,14.0
Mike Conley,PG,36,MIN,9,9,29.1,3.9,7.8,.500,1.9,4.4,.425,2.0,3.3,.600,.621,0.8,0.8,1.000,0.8,2.6,3.3,5.0,0.8,0.1,0.7,2.2,10.4
Pat Connaughton,SF,31,MIL,10,0,22.0,1.9,4.8,.396,0.8,2.9,.276,1.1,1.9,.579,.479,0.9,1.1,.818,0.5,2.3,2.8,2.3,0.5,0.2,0.6,1.3,5.5
Bilal Coulibaly,SF,19,WAS,10,1,25.5,3.0,6.0,.500,1.4,3.2,.438,1.6,2.8,.571,.617,0.8,1.5,.533,0.5,3.2,3.7,1.8,1.1,0.8,1.3,1.8,8.2
Robert Covington,SF-PF,33,TOT,9,3,15.3,1.0,2.9,.346,0.6,2.1,.263,0.4,0.8,.571,.442,0.6,0.7,.833,0.8,1.4,2.2,1.0,1.9,0.4,0.2,1.7,3.1
Robert Covington,PF,33,LAC,3,3,23.0,1.0,3.0,.333,0.7,2.7,.250,0.3,0.3,1.000,.444,0.3,0.7,.500,0.7,2.0,2.7,2.3,2.0,0.7,0.0,2.3,3.0
Robert Covington,SF,33,PHI,6,0,11.5,1.0,2.8,.353,0.5,1.8,.273,0.5,1.0,.500,.441,0.7,0.7,1.000,0.8,1.2,2.0,0.3,1.8,0.3,0.3,1.3,3.2
Torrey Craig,SF,33,CHI,11,6,22.6,1.9,5.0,.382,0.8,2.4,.346,1.1,2.6,.414,.464,0.2,0.2,1.000,2.1,3.6,5.7,1.5,0.7,0.4,0.4,2.8,4.8
Jae Crowder,PF,33,MIL,9,2,26.7,2.8,5.2,.532,1.8,3.4,.516,1.0,1.8,.563,.702,0.8,1.3,.583,0.4,3.4,3.9,1.7,0.8,0.3,0.4,1.6,8.1
Cade Cunningham,PG,22,DET,11,11,36.1,8.4,20.5,.409,1.9,6.5,.296,6.5,14.0,.461,.456,3.8,4.4,.875,0.5,3.2,3.6,6.9,0.5,0.3,4.9,3.4,22.5
Seth Curry,SG,33,DAL,7,0,8.3,0.7,2.3,.313,0.3,1.1,.250,0.4,1.1,.375,.375,0.3,0.4,.667,0.4,0.6,1.0,0.6,0.3,0.1,0.4,0.6,2.0
Stephen Curry,PG,35,GSW,11,11,32.5,9.5,19.5,.488,5.6,12.6,.446,3.9,6.9,.566,.633,6.0,6.5,.930,0.9,3.7,4.6,3.9,1.0,0.2,3.7,1.5,30.7
Dyson Daniels,PG,20,NOP,10,3,26.1,3.2,6.9,.464,1.0,2.9,.345,2.2,4.0,.550,.536,0.9,1.6,.563,1.2,3.9,5.1,3.0,1.2,0.5,1.6,1.7,8.3
Anthony Davis,C,30,LAL,9,9,37.2,8.7,16.4,.527,0.3,0.9,.375,8.3,15.6,.536,.537,6.2,7.0,.889,3.1,8.9,12.0,3.7,0.8,3.0,1.3,2.9,23.9
Johnny Davis,SG,21,WAS,5,0,11.2,2.4,4.6,.522,0.2,0.4,.500,2.2,4.2,.524,.543,0.4,0.6,.667,0.6,0.8,1.4,0.2,0.8,0.2,0.4,1.0,5.4
DeMar DeRozan,SF,34,CHI,11,11,34.9,7.5,17.2,.434,0.7,2.3,.320,6.7,14.9,.451,.455,5.5,6.5,.847,1.2,1.8,3.0,4.5,1.1,1.1,0.8,2.2,21.2
Moussa Diabaté,C,22,LAC,6,0,7.5,1.3,2.3,.571,0.0,0.0,,1.3,2.3,.571,.571,0.8,1.0,.833,1.7,0.8,2.5,0.7,0.3,0.0,0.3,0.7,3.5
Gradey Dick,SG,20,TOR,10,0,15.1,1.3,4.1,.317,0.7,2.6,.269,0.6,1.5,.400,.402,0.4,0.4,1.000,0.7,1.1,1.8,1.0,0.2,0.0,0.8,1.6,3.7
Ousmane Dieng,PF,20,OKC,10,0,11.3,1.3,3.4,.382,0.7,2.5,.280,0.6,0.9,.667,.485,0.3,0.4,.750,0.5,1.5,2.0,0.9,0.1,0.0,0.4,0.6,3.6
Spencer Dinwiddie,PG,30,BRK,9,9,27.0,3.6,8.4,.421,2.1,5.6,.380,1.4,2.9,.500,.546,1.4,2.2,.650,0.1,3.0,3.1,4.8,0.4,0.1,1.3,1.4,10.7
Donte DiVincenzo,SG,27,NYK,10,0,19.4,2.5,6.8,.368,1.5,4.5,.333,1.0,2.3,.435,.478,0.7,1.2,.583,0.9,2.0,2.9,1.6,0.8,0.4,1.1,1.7,7.2
Luka Dončić,PG,24,DAL,10,10,35.8,11.2,21.3,.526,4.3,10.3,.417,6.9,11.0,.627,.627,5.9,7.5,.787,0.6,7.8,8.4,8.5,1.3,0.5,4.2,1.9,32.6
Luguentz Dort,SF,24,OKC,10,10,30.3,4.4,8.8,.500,2.3,4.8,.479,2.1,4.0,.525,.631,2.7,3.3,.818,1.4,3.4,4.8,1.3,1.4,1.1,1.2,3.0,13.8
Ayo Dosunmu,SG,24,CHI,9,0,14.9,2.3,4.3,.538,0.9,1.9,.471,1.4,2.4,.591,.641,0.3,0.4,.750,0.6,0.9,1.4,1.1,0.6,0.1,0.4,1.1,5.9
Andre Drummond,C,30,CHI,11,0,13.5,2.8,5.0,.564,0.0,0.0,,2.8,5.0,.564,.564,0.7,1.4,.533,2.5,2.9,5.4,0.7,1.4,0.2,1.0,1.4,6.4
Chris Duarte,SF,26,SAC,9,0,14.1,1.3,4.3,.308,0.8,2.8,.280,0.6,1.6,.357,.397,0.9,1.2,.727,0.1,1.2,1.3,1.0,0.6,0.1,0.6,3.1,4.3
Kris Dunn,PG,29,UTA,8,0,12.8,1.6,4.0,.406,0.4,1.0,.375,1.3,3.0,.417,.453,0.5,0.8,.667,0.4,1.9,2.3,2.5,0.6,0.0,1.3,1.6,4.1
Kevin Durant,PF,35,PHO,10,10,36.7,10.1,20.3,.498,1.8,4.2,.429,8.3,16.1,.516,.542,8.0,9.4,.851,0.5,6.6,7.1,4.6,0.9,1.2,4.1,1.6,30.0
Jalen Duren,C,20,DET,8,8,28.9,5.8,9.3,.622,0.0,0.1,.000,5.8,9.1,.630,.622,1.1,1.5,.750,3.5,7.1,10.6,3.1,0.6,1.1,2.8,3.5,12.6
Tari Eason,PF,22,HOU,3,0,16.3,2.7,7.3,.364,1.0,2.3,.429,1.7,5.0,.333,.432,0.0,0.0,,2.0,4.7,6.7,1.3,0.3,1.0,0.7,1.7,6.3
Anthony Edwards,SG,22,MIN,9,9,35.9,10.4,21.4,.487,2.4,6.8,.361,8.0,14.7,.545,.544,5.1,6.1,.836,0.9,5.3,6.2,5.4,1.3,0.3,3.7,1.8,28.4
Kessler Edwards,SF,23,SAC,7,0,5.1,0.1,0.9,.167,0.1,0.6,.250,0.0,0.3,.000,.250,0.1,0.3,.500,0.0,0.7,0.7,0.4,0.1,0.1,0.1,0.7,0.6
Keon Ellis,SG,24,SAC,6,2,13.5,1.5,3.7,.409,0.8,3.0,.278,0.7,0.7,1.000,.523,1.0,1.8,.545,0.3,1.3,1.7,0.8,0.8,0.7,0.8,1.2,4.8
Joel Embiid,C,29,PHI,9,9,33.8,11.0,21.8,.505,1.3,3.7,.364,9.7,18.1,.534,.536,9.1,10.8,.845,3.4,8.2,11.7,5.7,0.7,2.1,3.8,2.4,32.4
Drew Eubanks,C,26,PHO,10,0,18.6,2.9,4.6,.630,0.0,0.0,,2.9,4.6,.630,.630,1.5,1.9,.789,1.6,3.5,5.1,2.0,0.3,1.5,1.4,2.1,7.3
Dante Exum,PG,28,DAL,9,0,7.9,1.4,3.1,.464,0.3,0.7,.500,1.1,2.4,.455,.518,0.2,0.4,.500,0.3,1.4,1.8,1.0,0.3,0.2,0.1,0.9,3.4
Bruno Fernando,C,25,ATL,3,0,2.3,0.0,0.3,.000,0.0,0.3,.000,0.0,0.0,,.000,0.0,0.0,,0.0,0.0,0.0,0.0,0.0,0.0,0.7,0.7,0.0
Dorian Finney-Smith,PF,30,BRK,10,9,31.0,4.6,9.8,.469,3.2,7.1,.451,1.4,2.7,.519,.633,0.1,0.3,.333,2.0,3.4,5.4,1.5,0.2,0.8,1.0,2.6,12.5
Malachi Flynn,PG,25,TOR,10,0,15.3,1.9,4.1,.463,1.1,2.4,.458,0.8,1.7,.471,.598,0.6,0.7,.857,0.3,1.4,1.7,1.9,0.9,0.0,1.2,1.4,5.5
Simone Fontecchio,SF,28,UTA,8,0,10.0,2.0,4.0,.500,1.1,2.6,.429,0.9,1.4,.636,.641,0.0,0.0,,0.8,1.3,2.0,0.5,0.3,0.3,1.0,0.8,5.1
Jordan Ford,PG,25,SAC,4,0,3.0,0.5,1.3,.400,0.3,0.5,.500,0.3,0.8,.333,.500,0.5,0.5,1.000,0.0,0.3,0.3,0.3,0.0,0.0,0.0,0.0,1.8
Trent Forrest,SG,25,ATL,1,0,5.0,0.0,0.0,,0.0,0.0,,0.0,0.0,,,0.0,0.0,,0.0,0.0,0.0,1.0,0.0,0.0,0.0,1.0,0.0
De'Aaron Fox,PG,26,SAC,4,4,35.5,11.3,22.5,.500,2.8,7.5,.367,8.5,15.0,.567,.561,5.3,7.0,.750,1.0,2.8,3.8,6.0,1.3,0.5,2.3,3.5,30.5
Alex Fudge,SF,20,LAL,1,0,4.0,0.0,1.0,.000,0.0,0.0,,0.0,1.0,.000,.000,0.0,0.0,,0.0,0.0,0.0,0.0,0.0,0.0,0.0,0.0,0.0
Markelle Fultz,PG,25,ORL,5,5,28.6,5.4,11.2,.482,0.0,0.6,.000,5.4,10.6,.509,.482,0.6,0.8,.750,1.6,1.8,3.4,4.0,1.2,0.4,1.2,1.2,11.4
Daniel Gafford,C,25,WAS,8,8,23.1,3.3,4.3,.765,0.0,0.0,,3.3,4.3,.765,.765,1.8,2.8,.636,2.4,4.6,7.0,1.1,0.6,2.5,1.6,3.5,8.3
Danilo Gallinari,PF,35,WAS,9,0,14.4,3.0,5.7,.529,0.9,2.4,.364,2.1,3.2,.655,.608,1.8,2.3,.762,0.6,1.9,2.4,1.7,0.3,0.1,0.4,0.8,8.7
Darius Garland,PG,24,CLE,6,6,33.3,5.8,13.0,.449,1.3,4.7,.286,4.5,8.3,.540,.500,4.2,5.0,.833,0.7,2.2,2.8,6.2,1.8,0.3,4.8,2.2,17.2
Luka Garza,C,25,MIN,2,0,3.0,1.5,2.5,.600,0.0,0.0,,1.5,2.5,.600,.600,0.5,1.0,.500,0.5,1.0,1.5,0.0,0.0,0.0,0.0,1.5,3.5
Kaiser Gates,SF,27,NOP,1,0,7.0,0.0,4.0,.000,0.0,2.0,.000,0.0,2.0,.000,.000,0.0,0.0,,0.0,1.0,1.0,0.0,0.0,0.0,0.0,0.0,0.0
Keyonte George,PG,20,UTA,10,2,22.6,2.6,6.9,.377,1.2,3.9,.308,1.4,3.0,.467,.464,0.9,1.2,.750,0.4,1.9,2.3,4.6,0.3,0.2,1.7,0.9,7.3
Paul George,PF,33,LAC,9,9,33.3,7.4,15.9,.469,3.1,7.9,.394,4.3,8.0,.542,.566,5.6,6.0,.926,0.6,4.8,5.3,3.7,2.3,0.1,3.2,2.7,23.6
Josh Giddey,SG,21,OKC,10,10,28.3,5.4,13.0,.415,0.4,1.9,.211,5.0,11.1,.450,.431,0.8,1.0,.800,1.3,4.4,5.7,5.1,0.7,0.5,3.0,1.1,12.0
Harry Giles,C,25,BRK,1,0,6.0,3.0,3.0,1.000,1.0,1.0,1.000,2.0,2.0,1.000,1.167,0.0,0.0,,0.0,1.0,1.0,0.0,0.0,0.0,1.0,1.0,7.0
Shai Gilgeous-Alexander,PG,25,OKC,9,9,35.7,11.2,21.3,.526,1.2,3.9,.314,10.0,17.4,.573,.555,5.8,6.4,.897,0.7,6.3,7.0,6.0,2.1,0.8,2.3,2.2,29.4
Anthony Gill,PF,31,WAS,5,0,7.2,1.2,2.6,.462,0.0,0.2,.000,1.2,2.4,.500,.462,1.2,1.6,.750,0.6,0.8,1.4,0.6,0.2,0.6,0.4,0.6,3.6
Collin Gillespie,PG,24,DEN,6,0,11.8,1.3,3.0,.444,0.5,1.8,.273,0.8,1.2,.714,.528,0.2,0.2,1.000,0.0,0.5,0.5,1.2,0.8,0.0,0.3,1.5,3.3
Jacob Gilyard,PG,25,MEM,7,2,16.7,1.4,3.1,.455,1.3,2.9,.450,0.1,0.3,.500,.659,0.0,0.0,,0.4,1.3,1.7,3.7,0.7,0.1,0.6,1.0,4.1
Rudy Gobert,C,31,MIN,9,9,32.9,4.4,8.1,.548,0.0,0.0,,4.4,8.1,.548,.548,3.3,6.0,.556,4.0,8.8,12.8,1.2,0.8,2.2,1.7,2.7,12.2
Jordan Goodwin,PG,25,PHO,10,0,18.3,2.4,7.3,.329,1.3,3.8,.342,1.1,3.5,.314,.418,1.0,1.3,.769,1.1,2.8,3.9,1.9,1.0,0.4,1.0,1.2,7.1
Aaron Gordon,PF,28,DEN,10,10,31.9,5.8,10.5,.552,0.6,2.0,.300,5.2,8.5,.612,.581,1.5,2.8,.536,2.3,4.9,7.2,3.9,1.3,1.2,2.0,1.9,13.7
Eric Gordon,SG,35,PHO,9,5,29.6,5.6,12.4,.446,2.1,6.2,.339,3.4,6.2,.554,.531,0.3,0.3,1.000,0.6,1.7,2.2,3.0,1.0,0.4,1.4,1.0,13.6
Devonte' Graham,PG,28,SAS,1,0,12.0,0.0,2.0,.000,0.0,1.0,.000,0.0,1.0,.000,.000,2.0,2.0,1.000,1.0,0.0,1.0,1.0,2.0,1.0,0.0,0.0,2.0
Jerami Grant,PF,29,POR,9,9,37.4,7.6,18.1,.417,2.3,6.6,.356,5.2,11.6,.452,.482,5.3,6.9,.774,1.1,3.8,4.9,1.9,0.4,1.0,2.8,2.4,22.8
A.J. Green,SG,24,MIL,4,0,9.0,1.0,2.5,.400,0.8,2.0,.375,0.3,0.5,.500,.550,0.3,0.3,1.000,0.0,1.0,1.0,1.5,0.0,0.0,0.0,1.0,3.0
Danny Green,SG,36,PHI,2,0,9.0,0.0,1.0,.000,0.0,0.5,.000,0.0,0.5,.000,.000,0.0,0.0,,0.0,1.0,1.0,0.5,0.5,0.0,0.0,0.5,0.0
Draymond Green,PF,33,GSW,8,8,24.8,3.4,7.0,.482,1.1,2.5,.450,2.3,4.5,.500,.563,2.0,2.3,.889,1.6,3.9,5.5,6.4,0.8,0.6,1.9,2.6,9.9
Jalen Green,SG,21,HOU,9,9,32.1,6.0,14.6,.412,2.0,5.0,.400,4.0,9.6,.419,.481,5.0,6.4,.776,0.4,4.2,4.7,2.7,0.7,0.3,2.1,1.6,19.0
Jeff Green,PF,37,HOU,9,0,15.3,2.4,4.0,.611,0.4,1.2,.364,2.0,2.8,.720,.667,1.9,2.7,.708,1.2,2.0,3.2,0.4,0.2,0.2,0.6,1.1,7.2
Josh Green,SG,23,DAL,10,2,25.2,2.8,6.5,.431,1.5,3.8,.395,1.3,2.7,.481,.546,0.7,1.4,.500,0.5,1.7,2.2,2.1,1.1,0.2,1.0,1.9,7.8
AJ Griffin,SF,20,ATL,6,0,9.2,1.2,2.3,.500,0.8,1.8,.455,0.3,0.5,.667,.679,0.0,0.0,,0.2,0.7,0.8,0.3,0.2,0.0,0.7,0.3,3.2
Quentin Grimes,SG,23,NYK,10,10,24.3,2.8,6.4,.438,2.2,5.5,.400,0.6,0.9,.667,.609,0.0,0.1,.000,0.1,1.3,1.4,1.1,0.7,0.0,0.4,1.6,7.8
Mouhamed Gueye,PF,21,ATL,2,0,2.0,0.0,0.5,.000,0.0,0.5,.000,0.0,0.0,,.000,0.0,0.0,,0.0,0.0,0.0,0.0,0.5,0.0,0.0,0.5,0.0
Rui Hachimura,PF,25,LAL,6,1,20.5,4.5,8.2,.551,1.2,3.0,.389,3.3,5.2,.645,.622,2.2,3.0,.722,1.0,3.2,4.2,1.0,1.5,0.5,0.5,1.5,12.3
Tyrese Haliburton,PG,23,IND,9,9,33.1,8.3,16.1,.517,3.0,7.3,.409,5.3,8.8,.608,.610,4.1,4.3,.949,0.4,3.4,3.9,12.2,1.0,0.7,2.3,1.1,23.8
R.J. Hampton,PG,22,MIA,1,0,2.0,0.0,1.0,.000,0.0,0.0,,0.0,1.0,.000,.000,0.0,0.0,,0.0,0.0,0.0,0.0,0.0,0.0,0.0,0.0,0.0
Tim Hardaway Jr.,SF,31,DAL,10,0,28.5,5.9,13.9,.424,3.5,9.2,.380,2.4,4.7,.511,.550,2.3,2.3,1.000,0.4,3.9,4.3,1.6,0.3,0.0,1.0,0.7,17.6
James Harden,SG,34,LAC,4,4,31.3,4.3,9.0,.472,1.8,4.8,.368,2.5,4.3,.588,.569,3.3,3.3,1.000,0.5,4.5,5.0,4.3,1.5,0.3,2.5,0.5,13.5
Jaden Hardy,SG,21,DAL,8,0,11.9,2.6,6.1,.429,1.1,3.3,.346,1.5,2.9,.522,.520,1.6,2.1,.765,0.3,1.5,1.8,1.3,0.1,0.0,0.5,0.8,8.0
Gary Harris,SG,29,ORL,5,1,17.8,3.0,5.2,.577,1.8,3.6,.500,1.2,1.6,.750,.750,0.2,0.6,.333,0.8,1.4,2.2,1.4,0.2,0.4,0.8,0.4,8.0
Joe Harris,SG,32,DET,7,0,14.0,1.3,3.6,.360,0.9,2.7,.316,0.4,0.9,.500,.480,0.0,0.0,,0.3,0.7,1.0,0.9,0.3,0.0,0.4,1.7,3.4
Tobias Harris,PF,31,PHI,9,9,36.4,7.2,12.8,.565,1.2,3.3,.367,6.0,9.4,.635,.613,4.0,4.4,.900,1.2,5.3,6.6,2.8,0.9,0.6,2.2,1.8,19.7
Josh Hart,SF,28,NYK,10,3,28.5,2.8,7.2,.389,1.0,3.4,.294,1.8,3.8,.474,.458,0.5,0.7,.714,1.1,5.4,6.5,2.5,0.9,0.1,1.0,2.0,7.1
Isaiah Hartenstein,C,25,NYK,10,0,16.8,2.6,4.3,.605,0.1,0.3,.333,2.5,4.0,.625,.616,1.1,1.8,.611,2.4,2.0,4.4,1.1,1.2,0.4,0.9,2.9,6.4
Sam Hauser,SF,26,BOS,10,0,19.5,3.2,6.4,.500,2.8,5.9,.475,0.4,0.5,.800,.719,0.4,0.4,1.000,0.5,2.8,3.3,0.4,0.6,0.4,0.4,1.7,9.6
Jordan Hawkins,SG,21,NOP,10,7,29.0,4.1,11.3,.363,2.7,7.7,.351,1.4,3.6,.389,.482,1.7,2.1,.810,0.7,3.1,3.8,1.6,0.8,0.0,1.3,2.2,12.6
Jaxson Hayes,C,23,LAL,8,0,8.3,0.6,1.4,.455,0.0,0.0,,0.6,1.4,.455,.455,0.4,0.8,.500,0.3,1.1,1.4,0.4,0.1,0.3,0.8,1.9,1.6
Killian Hayes,PG,22,DET,11,11,30.5,4.1,10.2,.402,1.2,3.6,.325,2.9,6.5,.444,.460,1.5,2.0,.773,0.4,2.9,3.3,4.7,1.3,0.5,0.9,2.5,10.9
Gordon Hayward,SF,33,CHO,9,9,32.7,6.7,14.2,.469,1.0,2.6,.391,5.7,11.7,.486,.504,2.9,4.1,.703,1.1,4.1,5.2,5.2,1.7,0.7,1.9,2.0,17.2
Scoot Henderson,PG,19,POR,5,5,28.4,3.6,10.4,.346,0.4,4.2,.095,3.2,6.2,.516,.365,1.2,1.4,.857,0.6,1.6,2.2,4.6,0.6,0.2,4.0,4.0,8.8
Taylor Hendricks,PF,20,UTA,1,0,2.0,0.0,0.0,,0.0,0.0,,0.0,0.0,,,1.0,2.0,.500,0.0,1.0,1.0,0.0,0.0,0.0,0.0,0.0,1.0
Tyler Herro,SG,24,MIA,8,8,34.0,8.5,19.0,.447,3.1,7.6,.410,5.4,11.4,.473,.530,2.8,3.1,.880,0.4,4.6,5.0,4.6,1.4,0.0,2.5,1.6,22.9
Buddy Hield,SF,31,IND,10,0,22.9,4.9,11.7,.419,3.2,8.3,.386,1.7,3.4,.500,.556,0.1,0.2,.500,0.7,2.7,3.4,3.0,0.6,0.7,1.5,1.3,13.1
Haywood Highsmith,PF,27,MIA,6,5,25.5,2.7,6.5,.410,1.3,4.0,.333,1.3,2.5,.533,.513,1.2,1.5,.778,0.7,2.2,2.8,1.5,0.8,1.0,0.7,2.0,7.8
Nate Hinton,SG,24,HOU,2,0,4.0,1.0,2.0,.500,1.0,1.0,1.000,0.0,1.0,.000,.750,0.0,0.0,,0.0,0.0,0.0,0.0,0.0,0.0,0.0,0.5,3.0
D'Moi Hodge,SG,25,LAL,2,0,7.5,0.5,2.5,.200,0.0,2.0,.000,0.5,0.5,1.000,.200,0.5,1.0,.500,0.0,0.0,0.0,0.5,0.0,0.5,0.5,1.0,1.5
Aaron Holiday,PG,27,HOU,7,0,15.7,2.0,4.9,.412,0.7,2.1,.333,1.3,2.7,.474,.485,0.4,0.4,1.000,0.1,1.4,1.6,1.3,0.3,0.0,0.6,1.0,5.1
Jrue Holiday,PG,33,BOS,10,10,34.0,5.0,11.1,.450,1.6,4.4,.364,3.4,6.7,.507,.523,1.3,1.5,.867,2.0,5.3,7.3,5.5,0.6,1.0,1.9,1.7,12.9
Justin Holiday,SG,34,DEN,3,0,5.7,0.7,1.3,.500,0.7,1.3,.500,0.0,0.0,,.750,0.0,0.0,,0.0,1.3,1.3,0.0,0.0,0.0,0.0,0.3,2.0
Richaun Holmes,C,30,DAL,2,0,5.5,1.0,1.5,.667,0.0,0.0,,1.0,1.5,.667,.667,0.0,0.0,,1.0,1.0,2.0,0.5,0.0,0.0,0.5,1.5,2.0
Chet Holmgren,C,21,OKC,10,10,30.1,5.6,10.2,.549,1.8,3.6,.500,3.8,6.6,.576,.637,3.4,3.8,.895,1.6,6.0,7.6,2.6,0.9,2.3,2.0,3.3,16.4
Al Horford,C,37,BOS,9,2,23.9,2.0,5.2,.383,0.7,2.9,.231,1.3,2.3,.571,.447,0.2,0.2,1.000,1.9,4.1,6.0,2.1,0.6,0.6,1.2,1.6,4.9
Talen Horton-Tucker,PG,23,UTA,10,8,23.4,4.0,10.0,.400,1.3,3.7,.351,2.7,6.3,.429,.465,0.7,0.9,.778,0.6,2.6,3.2,5.2,1.0,0.6,2.3,2.1,10.0
Danuel House Jr.,SF,30,PHI,4,0,11.3,1.0,2.0,.500,0.3,1.0,.250,0.8,1.0,.750,.563,0.5,0.8,.667,0.3,1.0,1.3,0.5,0.3,0.3,1.0,0.3,2.8
Caleb Houstan,SF,21,ORL,4,0,6.3,1.0,2.3,.444,0.8,2.0,.375,0.3,0.3,1.000,.611,0.3,0.3,1.000,0.0,0.8,0.8,0.3,0.0,0.0,0.0,0.3,3.0
Jett Howard,SF,20,ORL,3,0,4.0,0.3,1.3,.250,0.0,0.7,.000,0.3,0.7,.500,.250,0.0,0.0,,0.3,0.3,0.7,0.3,0.0,0.0,0.0,0.0,0.7
Kevin Huerter,SG,25,SAC,9,9,27.3,4.6,10.9,.418,2.4,6.8,.361,2.1,4.1,.514,.531,0.9,1.1,.800,0.8,4.3,5.1,2.6,0.9,0.4,1.2,2.4,12.4
De'Andre Hunter,SF,26,ATL,9,9,30.6,4.7,10.4,.447,1.7,5.0,.333,3.0,5.4,.551,.527,2.8,3.4,.806,0.4,3.6,4.0,1.3,1.0,0.4,1.6,3.3,13.8
Bones Hyland,PG,23,LAC,8,2,23.5,4.4,10.0,.438,1.9,5.3,.357,2.5,4.8,.526,.531,1.1,1.3,.900,0.3,1.4,1.6,2.9,0.8,0.0,2.0,2.6,11.8
Joe Ingles,SF,36,ORL,9,0,18.8,0.8,3.4,.226,0.6,2.3,.238,0.2,1.1,.200,.306,0.4,0.6,.800,0.6,2.0,2.6,3.0,0.9,0.1,0.8,1.4,2.6
Brandon Ingram,SF,26,NOP,7,7,33.7,9.3,19.0,.489,1.0,4.7,.212,8.3,14.3,.580,.515,3.0,4.1,.724,0.6,4.7,5.3,4.7,0.4,0.3,3.3,2.0,22.6
Kyrie Irving,SG,31,DAL,8,8,33.6,8.5,18.5,.459,2.8,6.9,.400,5.8,11.6,.495,.534,3.3,3.6,.897,0.8,3.6,4.4,6.8,1.4,0.5,1.8,1.9,23.0
Jonathan Isaac,PF,26,ORL,7,0,12.9,1.7,5.1,.333,0.7,2.9,.250,1.0,2.3,.438,.403,1.4,1.9,.769,0.9,2.6,3.4,0.3,0.7,1.4,0.4,1.7,5.6
Jaden Ivey,SG,21,DET,7,0,19.4,4.0,8.1,.491,1.3,3.4,.375,2.7,4.7,.576,.570,1.7,2.0,.857,0.6,1.6,2.1,2.4,0.7,0.4,1.9,2.9,11.0
Andre Jackson Jr.,SG,22,MIL,6,0,8.0,0.8,1.5,.556,0.2,0.8,.200,0.7,0.7,1.000,.611,0.0,0.0,,0.7,1.2,1.8,0.7,0.5,0.0,0.5,2.0,1.8
Gregory Jackson II,PF,19,MEM,1,0,1.0,0.0,0.0,,0.0,0.0,,0.0,0.0,,,0.0,0.0,,0.0,0.0,0.0,0.0,0.0,0.0,0.0,0.0,0.0
Isaiah Jackson,C,22,IND,4,0,14.0,2.3,3.5,.643,0.0,0.0,,2.3,3.5,.643,.643,0.8,1.3,.600,1.0,2.3,3.3,0.5,0.3,2.0,0.3,2.8,5.3
Jaren Jackson Jr.,C,24,MEM,10,10,31.6,7.1,15.2,.467,1.6,5.0,.320,5.5,10.2,.539,.520,4.7,5.7,.825,1.7,4.8,6.5,2.3,0.4,1.8,1.9,3.3,20.5
Reggie Jackson,PG,33,DEN,10,3,23.5,4.0,9.1,.440,1.5,4.1,.366,2.5,5.0,.500,.522,0.5,0.9,.556,0.1,1.7,1.8,3.6,0.9,0.3,1.1,1.5,10.0
Trayce Jackson-Davis,PF,23,GSW,8,0,7.8,1.3,2.1,.588,0.0,0.0,,1.3,2.1,.588,.588,1.1,2.0,.563,1.1,1.0,2.1,0.4,0.1,0.6,0.3,1.5,3.6
LeBron James,PF,39,LAL,9,9,35.0,9.7,17.0,.569,1.8,5.1,.348,7.9,11.9,.664,.621,4.1,6.2,.661,0.6,7.9,8.4,5.4,1.3,1.0,4.1,1.6,25.2
Jaime Jaquez Jr.,SF,22,MIA,10,3,21.9,3.4,7.1,.479,0.8,2.9,.276,2.6,4.2,.619,.535,0.7,0.8,.875,0.9,2.3,3.2,2.2,1.3,0.3,1.2,2.1,8.3
DaQuan Jeffries,SG,26,NYK,4,0,3.0,0.8,1.3,.600,0.3,0.8,.333,0.5,0.5,1.000,.700,0.0,0.0,,0.0,0.5,0.5,0.3,0.0,0.0,0.3,0.3,1.8
Ty Jerome,SG,26,CLE,2,0,7.5,1.0,2.0,.500,0.0,0.5,.000,1.0,1.5,.667,.500,0.0,0.0,,0.5,0.0,0.5,1.5,0.0,0.0,0.5,1.0,2.0
Isaiah Joe,SG,24,OKC,10,0,19.6,2.7,7.1,.380,2.3,5.8,.397,0.4,1.3,.308,.542,1.1,1.4,.786,0.1,1.8,1.9,1.1,0.7,0.1,0.8,1.3,8.8
Cameron Johnson,PF,27,BRK,3,3,28.7,4.7,13.0,.359,2.0,7.0,.286,2.7,6.0,.444,.436,1.0,1.3,.750,1.7,3.7,5.3,1.3,0.7,0.0,2.0,1.3,12.3
Jalen Johnson,SF,22,ATL,9,6,29.3,5.9,10.0,.589,1.0,2.9,.346,4.9,7.1,.688,.639,1.4,2.2,.650,1.8,6.6,8.3,2.6,1.0,0.7,2.1,2.6,14.2
Keldon Johnson,SF,24,SAS,10,10,32.3,6.0,13.6,.441,1.6,5.1,.314,4.4,8.5,.518,.500,1.7,2.5,.680,0.8,5.3,6.1,4.3,0.8,0.3,1.2,2.9,15.3
Keyontae Johnson,SF,23,OKC,1,0,6.0,0.0,1.0,.000,0.0,0.0,,0.0,1.0,.000,.000,0.0,0.0,,0.0,0.0,0.0,0.0,0.0,0.0,0.0,0.0,0.0
Nikola Jokić,C,28,DEN,10,10,34.6,12.0,19.8,.606,1.5,4.5,.333,10.5,15.3,.686,.644,4.3,5.7,.754,3.4,10.3,13.7,8.3,1.0,0.8,3.4,2.2,29.8
Colby Jones,SG,21,SAC,6,0,8.5,1.3,2.8,.471,0.2,0.7,.250,1.2,2.2,.538,.500,0.3,0.3,1.000,0.8,1.2,2.0,0.3,0.2,0.2,0.5,0.8,3.2
Damian Jones,C,28,CLE,6,0,5.7,0.5,0.5,1.000,0.0,0.0,,0.5,0.5,1.000,1.000,0.2,0.3,.500,0.3,0.8,1.2,0.3,0.0,0.2,0.3,0.5,1.2
Derrick Jones Jr.,SF,26,DAL,10,10,22.5,3.3,6.7,.493,1.5,4.1,.366,1.8,2.6,.692,.604,0.8,1.2,.667,0.8,2.4,3.2,1.1,0.6,0.6,0.9,1.1,8.9
Herbert Jones,SF,25,NOP,7,7,31.1,3.4,7.3,.471,0.9,3.3,.261,2.6,4.0,.643,.529,2.3,2.6,.889,0.6,3.3,3.9,1.7,1.6,1.6,1.3,3.4,10.0
Tre Jones,PG,24,SAS,9,0,25.8,3.2,7.2,.446,0.6,2.2,.250,2.7,5.0,.533,.485,1.8,1.9,.941,0.8,2.4,3.2,6.0,0.8,0.4,1.4,1.3,8.8
Tyus Jones,PG,27,WAS,10,10,26.8,3.9,9.1,.429,1.4,3.7,.378,2.5,5.4,.463,.505,0.2,0.4,.500,0.4,2.2,2.6,5.1,1.0,0.2,0.9,1.2,9.4
DeAndre Jordan,C,35,DEN,1,0,12.0,0.0,0.0,,0.0,0.0,,0.0,0.0,,,1.0,2.0,.500,1.0,0.0,1.0,1.0,0.0,0.0,1.0,2.0,1.0
Cory Joseph,PG,32,GSW,4,0,3.3,0.3,0.8,.333,0.3,0.8,.333,0.0,0.0,,.500,0.0,0.0,,0.3,0.3,0.5,0.8,0.3,0.0,0.5,0.8,0.8
Nikola Jović,PF,20,MIA,2,1,14.0,2.0,4.0,.500,1.5,2.5,.600,0.5,1.5,.333,.688,1.0,1.0,1.000,0.0,7.5,7.5,2.0,0.5,0.0,1.0,1.0,6.5
Luke Kennard,SG,27,MEM,7,0,23.7,3.0,7.6,.396,2.4,6.1,.395,0.6,1.4,.400,.557,1.0,1.0,1.000,0.3,2.6,2.9,2.3,0.7,0.1,0.7,0.6,9.4
Walker Kessler,C,22,UTA,8,8,24.0,3.5,6.4,.549,0.3,0.8,.333,3.3,5.6,.578,.569,1.0,1.6,.615,3.4,4.5,7.9,0.3,0.0,2.1,1.0,2.1,8.3
Braxton Key,SF,26,DEN,4,0,2.5,0.3,1.0,.250,0.0,0.3,.000,0.3,0.8,.333,.250,0.0,0.0,,0.0,0.3,0.3,0.8,0.0,0.0,0.0,0.5,0.5
Corey Kispert,SF,24,WAS,9,0,22.0,3.4,7.6,.456,1.8,4.9,.364,1.7,2.7,.625,.574,1.6,1.9,.824,0.6,2.0,2.6,1.4,0.3,0.0,1.3,1.6,10.2
Maxi Kleber,C,32,DAL,5,1,18.0,0.8,3.2,.250,0.6,1.8,.333,0.2,1.4,.143,.344,1.2,2.0,.600,0.8,3.4,4.2,2.0,0.2,0.2,0.8,1.6,3.4
Kevin Knox,SF,24,DET,1,0,24.0,7.0,8.0,.875,4.0,5.0,.800,3.0,3.0,1.000,1.125,0.0,0.0,,0.0,3.0,3.0,1.0,1.0,0.0,0.0,2.0,18.0
John Konchar,SF,27,MEM,7,0,18.0,1.4,3.3,.435,0.7,1.9,.385,0.7,1.4,.500,.543,0.0,0.0,,1.0,3.3,4.3,1.1,0.7,0.7,0.3,0.9,3.6
Furkan Korkmaz,SG,26,PHI,7,0,9.4,1.0,2.3,.438,0.4,0.9,.500,0.6,1.4,.400,.531,0.4,0.7,.600,0.1,0.7,0.9,0.4,0.7,0.0,0.7,0.4,2.9
Luke Kornet,C,28,BOS,8,0,10.6,1.4,1.9,.733,0.0,0.0,,1.4,1.9,.733,.733,0.6,0.8,.833,1.1,2.1,3.3,0.6,0.4,0.3,0.1,1.0,3.4
Jonathan Kuminga,PF,21,GSW,10,0,20.5,4.0,10.3,.388,0.4,2.2,.182,3.6,8.1,.444,.408,3.7,4.9,.755,1.0,2.0,3.0,0.6,0.7,0.4,1.2,2.8,12.1
Kyle Kuzma,PF,28,WAS,10,10,30.3,9.6,19.8,.485,2.4,6.8,.353,7.2,13.0,.554,.545,2.5,3.2,.781,1.2,4.9,6.1,3.0,0.2,0.5,2.2,1.7,24.1
Jock Landale,C,28,HOU,7,0,11.0,0.7,2.6,.278,0.3,1.3,.222,0.4,1.3,.333,.333,0.3,0.3,1.000,1.1,1.1,2.3,1.0,0.4,0.3,0.7,0.9,2.0
Jake LaRavia,PF,22,MEM,5,0,12.2,1.4,4.0,.350,0.4,2.4,.167,1.0,1.6,.625,.400,0.2,0.4,.500,0.6,1.0,1.6,0.4,0.2,0.0,0.4,1.6,3.4
Zach LaVine,SG,28,CHI,11,11,35.1,7.2,17.5,.409,2.3,7.4,.309,4.9,10.2,.482,.474,5.3,6.0,.879,0.5,4.4,4.8,3.0,0.8,0.3,2.1,2.0,21.9
Saben Lee,PG,24,PHO,3,0,3.3,1.0,2.0,.500,0.0,0.3,.000,1.0,1.7,.600,.500,0.0,0.0,,0.7,0.3,1.0,1.0,0.0,0.3,0.0,0.3,2.0
Alex Len,C,30,SAC,6,0,6.8,1.0,1.3,.750,0.0,0.2,.000,1.0,1.2,.857,.750,0.5,1.2,.429,1.2,1.5,2.7,0.8,0.2,0.8,0.3,0.3,2.5
Kawhi Leonard,SF,32,LAC,9,9,33.4,8.0,17.1,.468,2.6,6.2,.411,5.4,10.9,.500,.542,2.6,3.3,.767,1.2,4.3,5.6,3.9,1.3,0.4,1.6,1.8,21.1
Caris LeVert,SG,29,CLE,9,1,33.1,6.6,15.3,.428,2.1,6.0,.352,4.4,9.3,.476,.496,3.8,5.1,.739,0.6,3.8,4.3,3.9,1.1,0.4,1.4,2.0,19.0
Kira Lewis Jr.,PG,22,NOP,9,0,12.6,1.3,4.3,.308,0.1,1.4,.077,1.2,2.9,.423,.321,0.9,1.0,.889,0.3,0.8,1.1,1.8,0.4,0.1,0.6,0.8,3.7
Maxwell Lewis,SF,21,LAL,3,0,4.3,0.0,0.7,.000,0.0,0.0,,0.0,0.7,.000,.000,0.0,0.0,,0.0,0.3,0.3,0.0,0.0,0.0,0.3,0.0,0.0
E.J. Liddell,PF,23,NOP,3,0,3.0,0.3,1.3,.250,0.0,1.0,.000,0.3,0.3,1.000,.250,0.7,0.7,1.000,0.0,0.7,0.7,0.0,0.0,0.3,0.3,0.3,1.3
Damian Lillard,PG,33,MIL,8,8,33.5,5.9,15.9,.370,2.3,8.4,.269,3.6,7.5,.483,.441,8.8,9.4,.933,0.8,3.5,4.3,4.8,1.0,0.1,2.9,1.1,22.8
Nassir Little,PF,23,PHO,5,0,11.6,1.2,2.8,.429,0.6,2.0,.300,0.6,0.8,.750,.536,0.8,0.8,1.000,0.2,1.2,1.4,0.2,1.0,0.2,0.4,1.6,3.8
Dereck Lively II,C,19,DAL,9,8,24.4,3.9,5.4,.714,0.0,0.1,.000,3.9,5.3,.729,.714,1.0,1.9,.529,2.6,4.1,6.7,1.0,0.7,1.1,1.0,3.8,8.8
Chris Livingston,SF,20,MIL,2,0,4.5,1.0,1.0,1.000,0.5,0.5,1.000,0.5,0.5,1.000,1.250,0.0,0.0,,0.0,0.0,0.0,0.5,0.0,0.0,0.0,0.0,2.5
Kenneth Lofton Jr.,PF,21,MEM,6,0,9.0,1.2,2.7,.438,0.3,0.7,.500,0.8,2.0,.417,.500,0.5,1.7,.300,0.3,1.2,1.5,1.2,0.3,0.3,0.5,1.8,3.2
Kevon Looney,C,27,GSW,11,11,23.2,2.5,3.9,.651,0.0,0.0,,2.5,3.9,.651,.651,0.7,0.9,.800,2.9,5.9,8.8,2.8,0.8,0.5,1.1,3.0,5.8
Brook Lopez,C,35,MIL,10,10,26.3,3.5,8.6,.407,1.8,5.1,.353,1.7,3.5,.486,.512,0.8,1.2,.667,1.1,3.1,4.2,0.7,0.8,2.2,1.1,2.2,9.6
Robin Lopez,C,35,MIL,1,0,6.0,0.0,0.0,,0.0,0.0,,0.0,0.0,,,2.0,2.0,1.000,0.0,0.0,0.0,1.0,0.0,0.0,1.0,0.0,2.0
Kevin Love,PF,35,MIA,5,3,18.8,2.6,6.8,.382,1.8,5.0,.360,0.8,1.8,.444,.515,1.8,2.0,.900,0.8,5.2,6.0,1.8,0.2,0.0,0.8,1.8,8.8
Kyle Lowry,PG,37,MIA,9,9,31.1,2.6,6.0,.426,2.0,4.6,.439,0.6,1.4,.385,.593,0.9,0.9,1.000,1.0,3.6,4.6,5.1,1.3,0.3,2.0,2.6,8.0
Théo Maledon,PG,22,CHO,9,0,18.3,2.1,6.6,.322,0.6,3.0,.185,1.6,3.6,.438,.364,1.0,1.1,.900,0.4,1.8,2.2,2.2,0.8,0.0,1.3,1.8,5.8
Sandro Mamukelashvili,C,24,SAS,3,0,6.3,0.7,1.7,.400,0.0,1.0,.000,0.7,0.7,1.000,.400,0.3,0.7,.500,1.3,1.0,2.3,0.3,0.3,0.0,0.0,0.7,1.7
Terance Mann,SG,27,LAC,3,0,25.0,2.7,5.7,.471,0.7,2.7,.250,2.0,3.0,.667,.529,0.0,0.0,,1.3,3.0,4.3,2.3,0.0,0.0,1.0,2.3,6.0
Tre Mann,PG,22,OKC,3,0,4.0,1.7,2.3,.714,0.3,0.7,.500,1.3,1.7,.800,.786,0.3,0.3,1.000,0.3,1.0,1.3,0.7,0.0,0.0,0.3,0.0,4.0
Boban Marjanović,C,35,HOU,3,0,6.7,1.7,3.0,.556,0.0,0.3,.000,1.7,2.7,.625,.556,0.0,0.3,.000,0.7,2.0,2.7,1.0,0.0,0.3,0.0,0.7,3.3
Lauri Markkanen,PF,26,UTA,10,10,33.5,8.1,16.7,.485,4.1,9.2,.446,4.0,7.5,.533,.608,3.9,4.4,.886,2.4,6.2,8.6,1.6,0.9,0.8,1.7,2.5,24.2
Naji Marshall,SF,26,NOP,1,0,14.0,2.0,3.0,.667,1.0,1.0,1.000,1.0,2.0,.500,.833,3.0,3.0,1.000,1.0,1.0,2.0,2.0,0.0,0.0,2.0,2.0,8.0
Caleb Martin,SF,28,MIA,1,0,20.0,1.0,7.0,.143,0.0,3.0,.000,1.0,4.0,.250,.143,0.0,0.0,,1.0,2.0,3.0,1.0,1.0,0.0,0.0,1.0,2.0
KJ Martin,SF,23,TOT,5,0,7.8,0.8,2.2,.364,0.2,1.0,.200,0.6,1.2,.500,.409,0.2,0.4,.500,0.2,0.6,0.8,0.4,0.4,0.2,0.6,1.0,2.0
KJ Martin,SF,23,LAC,2,0,15.5,2.0,5.0,.400,0.5,2.5,.200,1.5,2.5,.600,.450,0.5,1.0,.500,0.5,1.0,1.5,0.5,1.0,0.5,1.0,1.5,5.0
KJ Martin,SF,23,PHI,3,0,2.7,0.0,0.3,.000,0.0,0.0,,0.0,0.3,.000,.000,0.0,0.0,,0.0,0.3,0.3,0.3,0.0,0.0,0.3,0.7,0.0
Garrison Mathews,SG,27,ATL,2,0,4.0,0.0,1.0,.000,0.0,1.0,.000,0.0,0.0,,.000,0.0,0.0,,0.0,0.5,0.5,0.0,0.0,0.0,0.0,0.5,0.0
Bennedict Mathurin,SF,21,IND,10,10,25.6,5.0,11.6,.431,1.2,3.9,.308,3.8,7.7,.494,.483,2.2,2.9,.759,1.7,2.8,4.5,2.5,0.8,0.2,1.4,1.4,13.4
Wesley Matthews,SG,37,ATL,1,0,7.0,2.0,2.0,1.000,2.0,2.0,1.000,0.0,0.0,,1.500,1.0,2.0,.500,1.0,1.0,2.0,0.0,0.0,0.0,1.0,3.0,7.0
Tyrese Maxey,PG,23,PHI,9,9,37.9,10.3,20.4,.505,3.4,8.0,.431,6.9,12.4,.554,.590,4.4,4.8,.930,0.9,4.6,5.4,7.2,1.0,1.0,1.1,1.9,28.6
Skylar Mays,PG,26,POR,8,1,16.5,3.0,7.0,.429,0.4,2.5,.150,2.6,4.5,.583,.455,0.9,1.0,.875,0.1,1.0,1.1,3.9,0.8,0.0,0.9,1.1,7.3
Miles McBride,PG,23,NYK,7,0,3.7,0.6,1.6,.364,0.3,1.3,.222,0.3,0.3,1.000,.455,0.1,0.3,.500,0.0,0.3,0.3,0.3,0.4,0.0,0.0,0.3,1.6
CJ McCollum,PG,32,NOP,6,6,34.3,7.3,16.7,.440,3.2,8.3,.380,4.2,8.3,.500,.535,3.8,5.2,.742,0.8,4.0,4.8,5.7,1.5,0.8,1.3,2.3,21.7
T.J. McConnell,PG,31,IND,6,0,13.8,2.8,4.8,.586,0.0,0.2,.000,2.8,4.7,.607,.586,1.3,1.3,1.000,0.5,2.0,2.5,3.3,1.0,0.2,0.7,1.0,7.0
Jaden McDaniels,SF,23,MIN,7,7,28.1,4.7,8.4,.559,1.4,3.3,.435,3.3,5.1,.639,.644,0.0,0.0,,0.9,1.9,2.7,1.4,0.6,0.6,1.0,4.1,10.9
Jalen McDaniels,SF,26,TOR,8,0,8.6,0.3,2.1,.118,0.1,1.4,.091,0.1,0.8,.167,.147,0.0,0.0,,0.1,0.9,1.0,0.5,0.3,0.1,0.1,0.8,0.6
Doug McDermott,SF,32,SAS,10,0,17.4,2.7,5.3,.509,2.2,4.2,.524,0.5,1.1,.455,.717,0.3,0.4,.750,0.2,1.1,1.3,1.7,0.2,0.1,0.5,1.5,7.9
JaVale McGee,C,36,SAC,7,0,11.9,3.1,5.0,.629,0.0,0.1,.000,3.1,4.9,.647,.629,0.7,1.0,.714,1.4,2.0,3.4,0.3,0.1,0.4,0.9,0.9,7.0
Bryce McGowens,SG,21,CHO,4,0,14.3,0.5,1.8,.286,0.0,1.0,.000,0.5,0.8,.667,.286,0.8,1.0,.750,0.0,1.8,1.8,0.5,0.5,0.0,0.8,1.3,1.8
Jordan McLaughlin,PG,27,MIN,5,0,3.8,0.2,0.8,.250,0.2,0.4,.500,0.0,0.4,.000,.375,0.4,0.4,1.000,0.0,0.0,0.0,1.0,0.0,0.4,0.0,0.4,1.0
De'Anthony Melton,SG,25,PHI,9,9,27.6,2.8,8.6,.325,1.6,4.8,.326,1.2,3.8,.324,.416,1.0,1.6,.643,0.4,2.9,3.3,4.3,1.3,0.3,1.2,2.2,8.1
Sam Merrill,SG,27,CLE,4,0,6.0,0.5,1.8,.286,0.5,1.5,.333,0.0,0.3,.000,.429,0.0,0.0,,0.3,0.5,0.8,0.8,0.5,0.0,0.3,0.0,1.5
Chimezie Metu,C,26,PHO,4,0,2.5,0.3,1.0,.250,0.0,0.5,.000,0.3,0.5,.500,.250,0.5,0.5,1.000,0.0,0.5,0.5,0.3,0.0,0.3,0.3,0.0,1.0
Vasilije Micić,PG,30,OKC,3,0,10.7,1.3,3.0,.444,0.7,1.7,.400,0.7,1.3,.500,.556,0.0,0.0,,0.0,0.3,0.3,2.3,0.0,0.0,1.3,0.7,3.3
Khris Middleton,SF,32,MIL,8,8,18.9,4.4,8.8,.500,1.3,3.9,.323,3.1,4.9,.641,.571,1.4,1.8,.786,0.6,2.9,3.5,3.8,0.6,0.1,1.5,1.3,11.4
Brandon Miller,SF,21,CHO,9,4,28.8,4.9,11.0,.444,1.1,4.0,.278,3.8,7.0,.540,.495,1.9,2.4,.773,1.4,2.8,4.2,1.6,0.4,0.6,0.9,3.2,12.8
Jordan Miller,SF,24,LAC,2,0,3.5,1.0,1.5,.667,0.5,0.5,1.000,0.5,1.0,.500,.833,0.0,0.0,,0.0,0.0,0.0,0.0,0.0,0.0,0.0,1.0,2.5
Leonard Miller,SF,20,MIN,1,0,2.0,0.0,1.0,.000,0.0,0.0,,0.0,1.0,.000,.000,0.0,0.0,,0.0,1.0,1.0,0.0,0.0,0.0,0.0,0.0,0.0
Shake Milton,SG,27,MIN,9,0,14.9,1.6,4.2,.368,0.7,2.0,.333,0.9,2.2,.400,.447,1.0,1.4,.692,0.2,1.4,1.7,1.1,0.8,0.1,1.2,1.4,4.8
Justin Minaya,SF,24,POR,1,0,8.0,0.0,0.0,,0.0,0.0,,0.0,0.0,,,0.0,0.0,,1.0,1.0,2.0,0.0,0.0,0.0,1.0,1.0,0.0
Josh Minott,SF,21,MIN,5,0,2.6,0.6,1.2,.500,0.0,0.4,.000,0.6,0.8,.750,.500,0.4,0.6,.667,0.0,0.0,0.0,0.2,0.0,0.2,0.0,0.4,1.6
Davion Mitchell,PG,25,SAC,8,3,21.0,2.4,6.4,.373,1.3,3.8,.333,1.1,2.6,.429,.471,0.1,0.1,1.000,0.1,1.5,1.6,2.8,0.5,0.3,1.0,2.4,6.1
Donovan Mitchell,SG,27,CLE,9,9,36.2,10.2,21.8,.469,3.3,9.0,.370,6.9,12.8,.539,.546,4.9,5.4,.898,1.0,3.8,4.8,5.4,2.1,0.7,2.6,2.1,28.7
Evan Mobley,PF,22,CLE,10,10,32.4,6.7,12.9,.519,0.1,0.6,.167,6.6,12.3,.537,.523,2.6,3.4,.765,3.1,7.2,10.3,2.9,0.8,1.8,2.1,2.9,16.1
Isaiah Mobley,PF,24,CLE,1,0,1.0,0.0,0.0,,0.0,0.0,,0.0,0.0,,,0.0,0.0,,0.0,1.0,1.0,0.0,0.0,0.0,0.0,1.0,0.0
Malik Monk,SG,25,SAC,9,0,23.9,4.3,10.8,.402,2.1,5.8,.365,2.2,5.0,.444,.500,3.4,4.1,.838,0.9,1.9,2.8,5.4,0.4,0.8,2.2,1.7,14.2
Moses Moody,SG,21,GSW,11,1,17.1,2.5,5.5,.443,1.2,3.5,.342,1.3,2.1,.609,.549,0.7,1.0,.727,0.7,2.2,2.9,1.1,1.1,0.3,0.5,1.0,6.8
Marcus Morris,PF,34,PHI,2,0,6.0,0.5,1.0,.500,0.0,0.0,,0.5,1.0,.500,.500,0.5,0.5,1.000,0.0,1.0,1.0,0.0,0.0,0.5,0.0,1.0,1.5
Markieff Morris,PF,34,DAL,1,0,4.0,0.0,2.0,.000,0.0,2.0,.000,0.0,0.0,,.000,0.0,0.0,,0.0,1.0,1.0,0.0,0.0,0.0,0.0,0.0,0.0
Dejounte Murray,SG,27,ATL,9,9,34.3,8.2,16.6,.497,2.6,6.1,.418,5.7,10.4,.543,.574,2.9,3.6,.813,0.7,3.9,4.6,5.6,1.3,0.4,2.8,1.3,21.9
Jamal Murray,PG,26,DEN,7,7,30.9,6.0,13.9,.433,2.0,4.6,.438,4.0,9.3,.431,.505,2.3,2.7,.842,0.4,2.1,2.6,7.4,0.3,0.7,2.3,1.9,16.3
Keegan Murray,SF,23,SAC,9,9,34.7,5.6,14.2,.391,2.4,8.2,.297,3.1,6.0,.519,.477,1.4,1.7,.867,2.0,4.9,6.9,1.9,1.4,0.8,1.2,2.2,15.0
Kris Murray,SF,23,POR,4,0,5.8,0.0,0.5,.000,0.0,0.3,.000,0.0,0.3,.000,.000,0.0,0.0,,0.0,0.3,0.3,0.0,0.3,0.3,0.0,0.8,0.0
Mike Muscala,C,32,WAS,6,1,10.7,1.0,2.7,.375,0.3,1.3,.250,0.7,1.3,.500,.438,0.7,0.7,1.000,0.3,1.8,2.2,0.7,0.2,0.2,1.0,1.2,3.0
Svi Mykhailiuk,SF,26,BOS,5,0,6.6,0.6,2.2,.273,0.4,1.8,.222,0.2,0.4,.500,.364,0.0,0.0,,0.0,0.8,0.8,0.2,0.2,0.0,0.6,0.2,1.6
Larry Nance Jr.,C,31,NOP,10,0,15.7,1.6,3.3,.485,0.3,0.9,.333,1.3,2.4,.542,.530,0.3,0.6,.500,1.3,3.1,4.4,0.8,0.5,0.1,0.9,1.4,3.8
Andrew Nembhard,PG,24,IND,10,1,19.2,3.5,7.2,.486,0.8,2.7,.296,2.7,4.5,.600,.542,0.3,0.4,.750,0.3,1.5,1.8,4.0,0.8,0.0,1.6,2.0,8.1
Aaron Nesmith,SF,24,IND,10,0,24.1,4.2,7.8,.538,2.2,4.5,.489,2.0,3.3,.606,.679,1.1,1.7,.647,1.0,2.5,3.5,1.1,0.8,0.6,0.5,2.9,11.7
Georges Niang,PF,30,CLE,10,1,22.3,2.3,6.8,.338,1.2,4.5,.267,1.1,2.3,.478,.426,0.4,0.4,1.000,0.4,3.4,3.8,1.0,0.1,0.1,0.5,2.6,6.2
Daishen Nix,PG,21,MIN,3,0,2.3,0.3,0.3,1.000,0.0,0.0,,0.3,0.3,1.000,1.000,0.0,0.0,,0.0,0.0,0.0,0.0,0.3,0.0,0.0,0.0,0.7
Zeke Nnaji,PF,23,DEN,10,0,10.8,1.3,2.6,.500,0.1,0.5,.200,1.2,2.1,.571,.519,0.6,1.0,.600,0.8,1.7,2.5,0.5,0.2,0.5,0.4,1.1,3.3
Jusuf Nurkić,C,29,PHO,10,10,27.4,3.3,8.4,.393,0.7,2.9,.241,2.6,5.5,.473,.435,2.8,4.0,.700,2.9,6.3,9.2,4.6,1.4,1.0,2.1,3.4,10.1
Jordan Nwora,SF,25,IND,3,0,12.0,2.0,6.0,.333,0.7,2.7,.250,1.3,3.3,.400,.389,0.7,1.0,.667,0.3,1.7,2.0,1.3,0.0,0.3,1.7,0.7,5.3
Royce O'Neale,SF,30,BRK,10,4,31.2,2.8,8.3,.337,2.5,6.9,.362,0.3,1.4,.214,.488,0.1,0.2,.500,0.8,5.5,6.3,3.4,0.6,0.9,1.1,3.2,8.2
Chuma Okeke,SF,25,ORL,4,0,3.5,0.3,1.0,.250,0.0,0.8,.000,0.3,0.3,1.000,.250,0.0,0.0,,0.8,0.8,1.5,0.3,0.0,0.0,0.3,0.0,0.5
Josh Okogie,SG,25,PHO,10,6,23.7,2.3,5.6,.411,0.4,2.3,.174,1.9,3.3,.576,.446,2.6,2.9,.897,1.9,1.6,3.5,1.2,0.8,0.5,0.9,1.2,7.6
Onyeka Okongwu,C,23,ATL,9,0,22.6,3.3,5.6,.600,0.2,0.9,.250,3.1,4.7,.667,.620,2.7,2.9,.923,2.8,3.9,6.7,1.6,0.7,1.0,0.7,2.9,9.6
Isaac Okoro,SF,23,CLE,6,5,28.8,3.5,7.2,.488,1.0,2.5,.400,2.5,4.7,.536,.558,1.5,2.2,.692,2.0,2.8,4.8,2.2,1.2,0.5,1.0,3.8,9.5
Kelly Olynyk,C,32,UTA,10,0,20.4,2.7,4.5,.600,0.7,1.7,.412,2.0,2.8,.714,.678,1.2,1.4,.857,1.9,3.5,5.4,3.4,1.1,0.2,1.8,3.1,7.3
Eugene Omoruyi,SF,26,WAS,6,0,8.0,2.2,3.2,.684,0.3,0.8,.400,1.8,2.3,.786,.737,0.8,1.3,.625,0.7,1.8,2.5,1.0,0.5,0.2,1.0,1.0,5.5
Cedi Osman,SF,28,SAS,10,0,19.8,3.1,6.0,.517,1.5,3.3,.455,1.6,2.7,.593,.642,0.3,0.5,.600,0.3,1.5,1.8,1.5,0.5,0.3,0.6,1.3,8.0
Kelly Oubre Jr.,SF,28,PHI,8,5,29.0,5.9,11.8,.500,1.8,4.6,.378,4.1,7.1,.579,.574,2.8,3.5,.786,1.4,3.8,5.1,0.6,1.4,0.4,0.9,2.4,16.3
Chris Paul,PG,38,GSW,11,2,27.0,3.2,8.6,.368,0.5,3.4,.162,2.6,5.3,.500,.400,1.3,1.5,.875,0.3,3.4,3.6,7.3,1.5,0.0,1.1,1.5,8.2
Cameron Payne,PG,29,MIL,10,2,18.1,2.3,4.6,.500,1.2,2.4,.500,1.1,2.2,.500,.630,0.4,0.4,1.000,0.1,0.9,1.0,2.1,0.5,0.1,1.0,2.3,6.2
Gary Payton II,SG,31,GSW,10,0,18.3,2.6,5.5,.473,0.8,2.2,.364,1.8,3.3,.545,.545,0.4,0.6,.667,1.2,2.0,3.2,1.0,1.3,0.2,0.6,1.7,6.4
Filip Petrušev,C,23,PHI,1,0,3.0,0.0,0.0,,0.0,0.0,,0.0,0.0,,,0.0,0.0,,0.0,1.0,1.0,0.0,0.0,0.0,0.0,0.0,0.0
Julian Phillips,SF,20,CHI,4,0,2.5,0.0,0.3,.000,0.0,0.3,.000,0.0,0.0,,.000,0.0,0.0,,0.0,0.3,0.3,0.0,0.0,0.0,0.0,0.0,0.0
Jalen Pickett,SG,24,DEN,4,0,2.3,1.0,1.3,.800,0.5,0.8,.667,0.5,0.5,1.000,1.000,0.0,0.0,,0.0,0.5,0.5,0.0,0.0,0.0,0.0,0.3,2.5
Mason Plumlee,C,33,LAC,6,0,17.0,2.0,3.2,.632,0.0,0.0,,2.0,3.2,.632,.632,1.0,2.3,.429,1.3,4.2,5.5,1.0,0.7,0.2,0.8,1.0,5.0
Brandin Podziemski,SG,20,GSW,6,0,8.7,1.3,2.8,.471,0.3,0.7,.500,1.0,2.2,.462,.529,0.3,0.5,.667,0.8,1.8,2.7,1.3,0.3,0.0,0.8,1.2,3.3
Jakob Poeltl,C,28,TOR,10,10,24.7,4.8,7.2,.667,0.0,0.0,,4.8,7.2,.667,.667,0.7,1.7,.412,2.6,5.3,7.9,1.9,0.6,0.8,1.7,2.8,10.3
Aleksej Pokusevski,PF,22,OKC,3,0,6.0,0.0,1.3,.000,0.0,1.3,.000,0.0,0.0,,.000,0.3,0.7,.500,0.0,1.0,1.0,0.0,0.0,0.3,1.0,1.0,0.3
Jordan Poole,SG,24,WAS,10,10,28.7,6.1,14.8,.412,2.0,6.6,.303,4.1,8.2,.500,.480,2.0,2.6,.769,0.5,1.9,2.4,3.7,1.3,0.6,2.8,3.1,16.2
Craig Porter Jr.,PG,23,CLE,5,0,8.4,1.2,2.8,.429,0.0,0.2,.000,1.2,2.6,.462,.429,0.6,1.6,.375,0.2,1.4,1.6,1.2,0.6,0.2,0.6,1.4,3.0
Michael Porter Jr.,SF,25,DEN,10,10,29.6,6.6,13.9,.475,2.7,7.4,.365,3.9,6.5,.600,.572,1.0,1.1,.909,2.0,6.2,8.2,1.8,0.4,0.9,0.9,2.3,16.9
Otto Porter Jr.,SF,30,TOR,5,1,15.8,1.4,3.8,.368,1.0,2.6,.385,0.4,1.2,.333,.500,0.2,0.2,1.000,0.6,2.2,2.8,0.2,0.6,0.6,0.0,1.4,4.0
Bobby Portis,PF,28,MIL,10,0,22.0,4.7,9.8,.480,0.7,2.6,.269,4.0,7.2,.556,.515,2.3,3.1,.742,1.1,5.1,6.2,1.6,1.1,0.4,1.2,2.2,12.4
Kristaps Porziņģis,C,28,BOS,10,10,30.2,6.5,11.5,.565,2.0,4.9,.408,4.5,6.6,.682,.652,4.7,5.6,.839,1.3,4.9,6.2,1.9,0.4,1.3,1.2,3.4,19.7
Dwight Powell,C,32,DAL,9,1,17.8,1.9,2.4,.773,0.1,0.1,1.000,1.8,2.3,.762,.795,2.8,3.7,.758,2.0,2.1,4.1,1.4,0.4,0.8,0.2,2.0,6.7
Norman Powell,SG,30,LAC,9,0,24.2,4.6,8.7,.526,2.0,4.6,.439,2.6,4.1,.622,.641,1.6,2.3,.667,0.1,1.9,2.0,1.4,0.6,0.6,1.3,2.4,12.7
Taurean Prince,PF,29,LAL,8,8,30.4,3.6,8.3,.439,1.4,4.4,.314,2.3,3.9,.581,.523,0.9,1.1,.778,0.1,1.6,1.8,1.0,0.5,0.6,0.5,2.8,9.5
Payton Pritchard,PG,26,BOS,10,0,20.5,1.7,5.2,.327,0.7,3.1,.226,1.0,2.1,.476,.394,0.6,0.7,.857,1.4,2.0,3.4,3.6,0.2,0.0,0.7,1.7,4.7
Olivier-Maxence Prosper,PF,21,DAL,3,0,4.0,0.3,1.7,.200,0.0,0.7,.000,0.3,1.0,.333,.200,1.0,1.3,.750,0.3,0.0,0.3,0.0,0.0,0.0,0.0,1.0,1.7
Immanuel Quickley,SG,24,NYK,10,0,24.4,5.0,11.2,.446,1.9,5.1,.373,3.1,6.1,.508,.531,2.6,2.9,.897,0.4,3.3,3.7,3.8,0.5,0.0,1.3,1.4,14.5
Lester Quinones,SG,23,GSW,1,0,5.0,2.0,3.0,.667,1.0,2.0,.500,1.0,1.0,1.000,.833,0.0,0.0,,0.0,0.0,0.0,0.0,0.0,0.0,1.0,0.0,5.0
Julius Randle,PF,29,NYK,10,10,34.0,5.8,17.1,.339,1.7,6.6,.258,4.1,10.5,.390,.389,4.7,6.7,.701,2.3,8.0,10.3,4.9,1.0,0.0,3.0,2.6,18.0
Duop Reath,C,27,POR,1,0,14.0,4.0,10.0,.400,3.0,8.0,.375,1.0,2.0,.500,.550,0.0,0.0,,0.0,3.0,3.0,3.0,0.0,1.0,0.0,3.0,11.0
Austin Reaves,SG,25,LAL,10,8,32.0,4.9,11.2,.438,1.4,4.4,.318,3.5,6.8,.515,.500,2.6,3.1,.839,1.0,3.0,4.0,4.3,1.3,0.1,2.4,1.6,13.8
Cam Reddish,SF,24,LAL,10,4,22.8,2.3,5.6,.411,0.8,2.7,.296,1.5,2.9,.517,.482,1.6,1.9,.842,0.6,2.4,3.0,1.0,1.4,0.3,0.6,1.7,7.0
Paul Reed,C,24,PHI,9,0,13.2,2.1,3.7,.576,0.0,0.3,.000,2.1,3.3,.633,.576,0.1,0.2,.500,1.7,3.2,4.9,1.0,0.4,0.3,0.8,2.3,4.3
Naz Reid,C,24,MIN,9,0,22.3,4.9,9.3,.524,1.9,4.4,.425,3.0,4.9,.614,.625,1.7,1.8,.938,1.0,3.4,4.4,0.9,0.7,0.4,1.0,1.0,13.3
Jared Rhoden,SG,24,DET,5,0,6.0,1.0,1.8,.556,0.2,0.8,.250,0.8,1.0,.800,.611,0.4,0.4,1.000,0.2,0.6,0.8,0.6,0.0,0.0,0.4,0.8,2.6
Nick Richards,C,26,CHO,9,0,17.8,3.3,4.2,.789,0.0,0.0,,3.3,4.2,.789,.789,2.3,3.1,.750,1.8,4.0,5.8,0.3,0.3,1.4,1.1,3.0,9.0
Josh Richardson,SG,30,MIA,7,1,23.7,2.9,6.7,.426,1.1,3.4,.333,1.7,3.3,.522,.511,0.7,0.9,.833,0.0,2.3,2.3,2.3,0.3,0.1,1.1,2.0,7.6
Duncan Robinson,SF,29,MIA,10,2,27.8,4.8,10.7,.449,2.5,7.0,.357,2.3,3.7,.622,.565,0.7,0.8,.875,0.4,2.1,2.5,2.2,0.4,0.1,1.1,2.1,12.8
Jerome Robinson,SG,26,GSW,1,0,5.0,0.0,2.0,.000,0.0,0.0,,0.0,2.0,.000,.000,0.0,0.0,,1.0,1.0,2.0,0.0,0.0,0.0,0.0,0.0,0.0
Mitchell Robinson,C,25,NYK,10,10,29.6,2.8,5.2,.538,0.0,0.0,,2.8,5.2,.538,.538,1.0,2.5,.400,5.8,5.6,11.4,0.5,1.4,1.0,0.4,2.2,6.6
Orlando Robinson,C,23,MIA,2,0,15.0,2.0,4.5,.444,0.5,0.5,1.000,1.5,4.0,.375,.500,1.0,1.0,1.000,1.0,3.0,4.0,3.5,0.5,0.5,1.5,2.0,5.5
Jeremiah Robinson-Earl,PF,23,NOP,3,1,21.0,3.0,5.7,.529,1.7,2.7,.625,1.3,3.0,.444,.676,1.3,1.3,1.000,1.3,3.7,5.0,0.7,0.3,0.0,1.0,1.7,9.0
David Roddy,PF,22,MEM,10,1,21.8,3.5,7.2,.486,0.6,2.4,.250,2.9,4.8,.604,.528,0.4,0.5,.800,1.1,2.7,3.8,0.9,0.4,0.4,0.9,2.0,8.0
Ryan Rollins,PG,21,WAS,6,0,7.7,1.3,2.8,.471,0.2,0.3,.500,1.2,2.5,.467,.500,2.2,2.7,.813,0.3,1.3,1.7,1.7,1.3,0.3,1.2,1.0,5.0
Derrick Rose,PG,35,MEM,4,0,17.8,3.0,9.3,.324,1.3,2.5,.500,1.8,6.8,.259,.392,0.8,1.0,.750,1.0,1.0,2.0,2.8,0.5,0.3,1.5,0.8,8.0
Terry Rozier,SG,29,CHO,5,5,35.8,8.4,18.0,.467,1.6,6.2,.258,6.8,11.8,.576,.511,3.6,4.4,.818,0.8,3.2,4.0,5.0,0.6,0.4,2.2,0.8,22.0
Rayan Rupert,SG,19,POR,2,0,3.0,0.0,0.5,.000,0.0,0.5,.000,0.0,0.0,,.000,0.0,0.0,,0.0,0.0,0.0,0.0,0.0,0.0,0.0,0.0,0.0
D'Angelo Russell,PG,27,LAL,10,10,33.4,6.5,14.5,.448,1.6,5.6,.286,4.9,8.9,.551,.503,2.7,3.2,.844,0.3,3.0,3.3,6.9,0.5,0.7,1.9,2.6,17.3
Matt Ryan,SF,26,NOP,10,1,23.3,3.0,6.4,.469,2.4,5.4,.444,0.6,1.0,.600,.656,1.2,1.2,1.000,0.5,2.0,2.5,1.3,0.3,0.1,1.3,2.3,9.6
Domantas Sabonis,C,27,SAC,9,9,34.8,6.9,11.8,.585,0.3,1.1,.300,6.6,10.7,.615,.599,3.9,6.6,.593,3.7,8.8,12.4,7.3,0.9,1.0,3.6,3.4,18.0
Luka Šamanić,PF,24,UTA,4,0,4.0,1.3,2.5,.500,0.5,1.3,.400,0.8,1.3,.600,.600,0.3,0.3,1.000,0.0,1.0,1.0,0.3,0.3,0.0,0.0,0.3,3.3
Jermaine Samuels,SF,25,HOU,3,0,6.7,0.7,1.0,.667,0.0,0.3,.000,0.7,0.7,1.000,.667,0.7,0.7,1.000,0.3,0.7,1.0,0.0,0.0,0.3,0.0,1.0,2.0
Dario Šarić,C,29,GSW,11,1,20.0,3.0,7.1,.423,1.3,3.8,.333,1.7,3.3,.528,.513,0.8,1.0,.818,1.9,4.9,6.8,1.7,0.4,0.5,0.8,2.0,8.1
Olivier Sarr,C,24,OKC,4,0,11.0,0.3,0.3,1.000,0.0,0.0,,0.3,0.3,1.000,1.000,1.0,1.5,.667,0.8,3.8,4.5,0.3,0.0,1.3,0.5,1.5,1.5
Marcus Sasser,PG,23,DET,11,0,21.0,4.0,8.1,.494,1.7,4.0,.432,2.3,4.1,.556,.601,0.5,0.5,1.000,0.2,2.6,2.8,3.1,0.9,0.1,0.8,1.9,10.2
Admiral Schofield,PF,26,ORL,1,0,3.0,2.0,4.0,.500,1.0,3.0,.333,1.0,1.0,1.000,.625,0.0,0.0,,0.0,0.0,0.0,0.0,0.0,0.0,0.0,0.0,5.0
Dennis Schröder,PG,30,TOR,10,10,32.3,5.4,12.5,.432,1.7,4.7,.362,3.7,7.8,.474,.500,2.9,3.5,.829,0.8,1.9,2.7,7.7,1.0,0.2,1.9,1.6,15.4
Dereon Seabron,SG,23,NOP,4,0,12.5,1.0,3.3,.308,0.3,0.5,.500,0.8,2.8,.273,.346,1.3,1.5,.833,0.3,1.5,1.8,1.0,0.3,0.3,0.0,1.0,3.5
Alperen Şengün,C,21,HOU,9,9,31.4,8.3,13.9,.600,0.4,1.8,.250,7.9,12.1,.651,.616,2.3,3.8,.618,2.6,5.7,8.2,6.0,1.0,0.4,2.1,2.8,19.4
Brice Sensabaugh,SF,20,UTA,1,0,2.0,0.0,2.0,.000,0.0,0.0,,0.0,2.0,.000,.000,0.0,0.0,,1.0,1.0,2.0,0.0,0.0,0.0,0.0,0.0,0.0
Collin Sexton,SG,25,UTA,10,0,18.8,4.0,8.7,.460,0.9,2.7,.333,3.1,6.0,.517,.511,3.3,3.8,.868,0.7,1.4,2.1,2.7,0.1,0.1,2.0,1.6,12.2
Landry Shamet,SG,26,WAS,6,0,15.8,2.8,5.8,.486,1.5,4.0,.375,1.3,1.8,.727,.614,0.2,0.3,.500,0.2,1.2,1.3,1.2,0.8,0.2,0.5,1.8,7.3
Day'Ron Sharpe,C,22,BRK,10,0,13.0,2.6,4.5,.578,0.0,0.2,.000,2.6,4.3,.605,.578,1.5,2.3,.652,2.3,4.0,6.3,0.5,0.4,0.5,1.3,1.8,6.7
Shaedon Sharpe,SG,20,POR,9,8,39.4,6.8,15.2,.445,2.3,6.2,.375,4.4,9.0,.494,.522,3.9,4.7,.833,1.7,3.3,5.0,3.0,0.9,0.7,3.2,2.8,19.8
Ben Sheppard,SG,22,IND,3,0,10.7,1.7,4.0,.417,1.0,2.7,.375,0.7,1.3,.500,.542,0.0,0.0,,0.3,1.0,1.3,0.7,0.0,0.0,0.0,1.3,4.3
Pascal Siakam,PF,29,TOR,10,10,35.2,7.6,16.2,.469,1.2,4.8,.250,6.4,11.4,.561,.506,3.1,4.4,.705,1.2,6.1,7.3,4.8,0.9,0.1,2.7,2.5,19.5
Ben Simmons,PG,27,BRK,6,6,31.8,3.2,6.0,.528,0.0,0.0,,3.2,6.0,.528,.528,0.2,0.7,.250,2.7,8.2,10.8,6.7,0.5,0.8,2.5,2.7,6.5
Anfernee Simons,SG,24,POR,1,1,27.0,6.0,14.0,.429,2.0,6.0,.333,4.0,8.0,.500,.500,4.0,4.0,1.000,1.0,1.0,2.0,4.0,2.0,0.0,0.0,2.0,18.0
Jericho Sims,C,25,NYK,5,0,3.2,0.2,0.4,.500,0.0,0.0,,0.2,0.4,.500,.500,0.2,0.6,.333,0.2,1.4,1.6,0.2,0.0,0.0,0.0,0.2,0.6
Marcus Smart,PG,29,MEM,10,10,32.1,5.0,11.6,.431,1.7,5.9,.288,3.3,5.7,.579,.504,1.7,2.1,.810,0.3,2.3,2.6,5.4,2.1,0.3,3.7,3.5,13.4
Dennis Smith Jr.,PG,26,BRK,9,0,16.8,2.2,5.6,.400,0.7,1.8,.375,1.6,3.8,.412,.460,0.8,0.9,.875,0.8,1.4,2.2,2.8,0.6,0.2,1.1,2.2,5.9
Dru Smith,SG,26,MIA,6,0,20.7,2.5,5.3,.469,1.2,2.7,.438,1.3,2.7,.500,.578,0.3,0.3,1.000,1.0,1.2,2.2,2.3,1.3,0.5,0.8,1.5,6.5
Ish Smith,PG,35,CHO,3,0,10.3,0.7,1.3,.500,0.0,0.0,,0.7,1.3,.500,.500,0.0,0.0,,0.3,1.7,2.0,0.7,1.0,0.0,1.0,1.3,1.3
Jabari Smith Jr.,PF,20,HOU,9,9,28.1,5.0,10.3,.484,1.8,4.9,.364,3.2,5.4,.592,.570,0.6,1.0,.556,1.6,5.4,7.0,1.3,0.6,0.4,1.2,3.3,12.3
Jalen Smith,C,23,IND,8,0,17.8,4.6,6.6,.698,1.1,1.8,.643,3.5,4.9,.718,.783,1.4,1.8,.786,1.9,4.9,6.8,1.3,0.5,0.4,1.3,2.5,11.8
Nick Smith Jr.,SG,19,CHO,3,0,4.3,1.0,2.7,.375,0.7,1.7,.400,0.3,1.0,.333,.500,0.0,0.0,,0.0,0.3,0.3,0.7,0.3,0.0,0.3,0.0,2.7
Jeremy Sochan,PG,20,SAS,10,10,27.7,4.3,9.3,.462,0.7,1.8,.389,3.6,7.5,.480,.500,1.2,1.7,.706,1.4,4.0,5.4,4.5,1.0,0.4,2.4,3.4,10.5
Jaden Springer,SG,21,PHI,6,0,8.2,0.5,2.3,.214,0.0,0.5,.000,0.5,1.8,.273,.214,0.3,0.7,.500,0.7,0.7,1.3,0.8,0.2,0.7,0.7,1.5,1.3
Lamar Stevens,PF,26,BOS,3,0,5.7,1.3,2.3,.571,0.3,0.3,1.000,1.0,2.0,.500,.643,0.0,0.0,,1.3,0.3,1.7,0.7,0.3,0.0,1.0,1.0,3.0
Isaiah Stewart,PF,22,DET,11,11,34.2,4.6,9.7,.477,1.8,4.1,.444,2.8,5.6,.500,.570,1.5,2.1,.696,2.1,5.6,7.7,1.6,0.1,0.6,2.4,3.2,12.5
Julian Strawther,SF,21,DEN,8,0,9.9,2.0,4.5,.444,1.1,3.1,.360,0.9,1.4,.636,.569,0.0,0.3,.000,0.0,0.9,0.9,0.5,0.1,0.3,0.1,0.9,5.1
Max Strus,SF,27,CLE,10,10,34.9,5.1,11.9,.429,2.9,7.9,.367,2.2,4.0,.550,.550,1.2,1.4,.857,0.6,5.4,6.0,3.4,0.7,0.6,1.0,2.4,14.3
Jalen Suggs,SG,22,ORL,9,9,27.6,4.1,10.0,.411,1.4,4.1,.351,2.7,5.9,.453,.483,2.7,3.3,.800,1.1,3.4,4.6,2.8,2.1,0.6,1.8,2.8,12.3
Cole Swider,SF,24,MIA,1,0,2.0,2.0,3.0,.667,1.0,2.0,.500,1.0,1.0,1.000,.833,0.0,0.0,,0.0,1.0,1.0,0.0,0.0,0.0,0.0,0.0,5.0
Jae'Sean Tate,SF,28,HOU,9,0,20.3,2.6,5.1,.500,1.1,2.6,.435,1.4,2.6,.565,.609,0.6,0.8,.714,0.9,2.9,3.8,1.2,1.6,0.4,0.2,2.6,6.8
Jayson Tatum,PF,25,BOS,10,10,36.2,10.2,19.4,.526,3.5,8.8,.398,6.7,10.6,.632,.616,4.5,5.7,.789,0.6,8.3,8.9,3.9,1.2,0.2,2.7,2.3,28.4
Terry Taylor,PF,24,CHI,3,0,2.0,0.3,0.3,1.000,0.0,0.0,,0.3,0.3,1.000,1.000,0.0,0.0,,0.0,0.3,0.3,0.0,0.0,0.0,0.0,0.0,0.7
Garrett Temple,SG,37,TOR,3,0,3.0,0.7,1.0,.667,0.0,0.0,,0.7,1.0,.667,.667,0.7,0.7,1.000,0.0,0.3,0.3,0.0,0.3,0.0,0.0,0.0,2.0
Dalen Terry,SG,21,CHI,4,0,2.8,0.8,2.0,.375,0.3,1.0,.250,0.5,1.0,.500,.438,0.0,0.5,.000,0.0,1.0,1.0,0.8,0.0,0.0,0.3,0.3,1.8
Daniel Theis,C,31,IND,1,0,8.0,1.0,4.0,.250,0.0,1.0,.000,1.0,3.0,.333,.250,0.0,0.0,,0.0,0.0,0.0,0.0,0.0,0.0,0.0,1.0,2.0
Cam Thomas,SG,22,BRK,8,7,32.4,9.9,20.6,.479,2.1,6.6,.321,7.8,14.0,.554,.530,5.0,5.9,.851,0.3,3.5,3.8,2.1,0.9,0.6,1.3,1.9,26.9
Amen Thompson,SF,21,HOU,4,0,16.8,2.3,5.5,.409,0.5,2.8,.182,1.8,2.8,.636,.455,1.3,2.0,.625,0.3,2.5,2.8,1.5,0.5,0.3,1.5,2.3,6.3
Ausar Thompson,SF,21,DET,11,11,31.8,4.4,10.9,.400,0.4,2.4,.154,4.0,8.5,.468,.417,2.1,2.7,.767,4.2,6.4,10.5,3.5,1.2,1.9,2.2,3.4,11.2
Klay Thompson,SF,33,GSW,10,10,31.3,6.0,14.1,.426,2.6,7.5,.347,3.4,6.6,.515,.518,1.5,1.8,.833,0.7,3.2,3.9,2.0,0.4,0.6,2.0,2.5,16.1
Tristan Thompson,PF,32,CLE,8,0,10.1,1.0,1.4,.727,0.0,0.0,,1.0,1.4,.727,.727,0.5,0.9,.571,1.0,1.6,2.6,0.6,0.1,0.4,0.8,1.3,2.5
JT Thor,PF,21,CHO,9,0,19.0,1.8,4.4,.400,0.8,2.3,.333,1.0,2.1,.474,.488,0.0,0.4,.000,1.0,2.8,3.8,0.9,0.4,0.4,0.3,1.4,4.3
Matisse Thybulle,SF,26,POR,9,9,19.4,2.2,4.7,.476,1.4,3.8,.382,0.8,0.9,.875,.631,0.4,0.6,.800,0.2,1.0,1.2,1.0,1.0,0.8,0.6,1.1,6.3
Xavier Tillman Sr.,C,25,MEM,6,5,26.3,3.5,9.5,.368,0.7,2.8,.235,2.8,6.7,.425,.404,0.7,1.5,.444,2.2,5.3,7.5,2.5,1.7,1.0,1.5,3.2,8.3
Obi Toppin,PF,25,IND,10,10,21.3,3.8,6.6,.576,0.7,2.3,.304,3.1,4.3,.721,.629,1.2,1.3,.923,0.9,2.1,3.0,0.5,0.9,0.2,0.5,1.8,9.5
Karl-Anthony Towns,PF,28,MIN,9,9,32.6,7.2,16.0,.451,1.9,5.4,.347,5.3,10.6,.505,.510,2.9,3.2,.897,1.0,8.3,9.3,2.3,0.9,0.7,2.4,3.0,19.2
Gary Trent Jr.,SG,25,TOR,8,1,27.1,3.9,10.5,.369,1.9,5.3,.357,2.0,5.3,.381,.458,0.8,1.9,.400,0.5,2.0,2.5,0.9,1.0,0.1,1.0,1.3,10.4
P.J. Tucker,PF,38,TOT,8,3,17.3,0.5,1.8,.286,0.4,1.4,.273,0.1,0.4,.333,.393,0.4,0.4,1.000,1.4,2.3,3.6,0.5,0.8,0.4,0.3,2.5,1.8
P.J. Tucker,PF,38,PHI,3,3,22.0,0.7,1.7,.400,0.7,1.7,.400,0.0,0.0,,.600,0.0,0.0,,0.3,4.3,4.7,0.0,1.0,0.7,0.7,3.0,2.0
P.J. Tucker,PF,38,LAC,5,0,14.4,0.4,1.8,.222,0.2,1.2,.167,0.2,0.6,.333,.278,0.6,0.6,1.000,2.0,1.0,3.0,0.8,0.6,0.2,0.0,2.2,1.6
Myles Turner,C,27,IND,10,10,27.4,6.4,12.3,.520,2.0,4.9,.408,4.4,7.4,.595,.602,3.2,4.0,.800,1.5,6.4,7.9,1.6,0.5,1.8,1.7,3.3,18.0
Hunter Tyson,PF,23,DEN,4,0,2.8,0.3,0.8,.333,0.0,0.5,.000,0.3,0.3,1.000,.333,0.0,0.0,,0.0,0.8,0.8,0.0,0.0,0.0,0.0,1.0,0.5
Stanley Umude,SG,24,DET,8,0,7.8,0.9,2.0,.438,0.6,1.3,.500,0.3,0.8,.333,.594,1.0,1.1,.889,0.0,1.1,1.1,0.1,0.1,0.1,0.4,1.3,3.4
Jonas Valančiūnas,C,31,NOP,10,10,24.3,4.8,9.5,.505,1.0,2.3,.435,3.8,7.2,.528,.558,1.7,2.0,.850,1.9,6.8,8.7,1.8,0.2,1.5,1.6,2.7,12.3
Fred VanVleet,PG,29,HOU,9,9,35.9,5.9,15.3,.384,3.1,8.4,.368,2.8,6.9,.403,.486,2.3,2.7,.875,0.2,3.2,3.4,7.9,0.6,0.3,1.7,2.1,17.2
Devin Vassell,SG,23,SAS,8,7,29.4,6.4,12.6,.505,2.6,6.1,.429,3.8,6.5,.577,.609,2.6,3.5,.750,0.5,3.1,3.6,2.6,0.9,0.0,1.4,0.9,18.0
Sasha Vezenkov,PF,28,SAC,8,0,14.0,2.4,5.4,.442,1.4,3.8,.367,1.0,1.6,.615,.570,0.1,0.1,1.000,0.1,1.9,2.0,0.3,0.5,0.3,0.1,1.3,6.3
Gabe Vincent,PG,27,LAL,4,0,28.3,2.8,7.0,.393,0.3,3.5,.071,2.5,3.5,.714,.411,0.3,0.5,.500,0.5,0.5,1.0,3.0,1.5,0.0,0.5,2.5,6.0
Nikola Vučević,C,33,CHI,11,11,34.7,7.5,15.5,.485,1.1,3.4,.324,6.5,12.2,.530,.520,1.5,1.9,.762,3.0,7.9,10.9,2.9,1.0,0.6,1.6,2.8,17.6
Dean Wade,PF,27,CLE,9,3,17.2,1.1,3.1,.357,1.0,2.9,.346,0.1,0.2,.500,.518,0.2,0.4,.500,0.7,2.8,3.4,0.6,0.7,0.2,0.4,2.3,3.4
Franz Wagner,SF,22,ORL,9,9,33.6,6.8,16.6,.409,1.8,5.6,.320,5.0,11.0,.455,.463,3.2,3.8,.853,1.2,4.6,5.8,3.2,1.2,0.3,2.4,2.6,18.6
Moritz Wagner,C,26,ORL,9,0,18.7,4.9,7.6,.647,0.8,2.1,.368,4.1,5.4,.755,.699,1.8,2.2,.800,1.6,2.9,4.4,0.7,0.6,0.6,1.4,2.7,12.3
Jabari Walker,SF,21,POR,9,0,13.8,1.9,4.4,.425,0.2,1.4,.154,1.7,3.0,.556,.450,1.2,1.4,.846,1.0,2.6,3.6,0.4,0.9,0.6,0.8,2.2,5.2
Jarace Walker,PF,20,IND,3,0,9.0,1.3,4.0,.333,0.0,0.7,.000,1.3,3.3,.400,.333,0.7,0.7,1.000,0.3,2.0,2.3,1.7,0.3,0.3,0.0,0.7,3.3
Lonnie Walker IV,SG,25,BRK,9,0,21.3,5.7,11.0,.515,2.2,4.9,.455,3.4,6.1,.564,.616,1.9,2.4,.773,0.1,2.9,3.0,2.2,0.6,0.6,1.1,1.0,15.4
Cason Wallace,SG,20,OKC,10,1,22.5,3.0,4.7,.638,1.0,1.9,.526,2.0,2.8,.714,.745,0.8,0.8,1.000,0.5,1.8,2.3,1.5,0.5,0.3,0.6,1.9,7.8
P.J. Washington,PF,25,CHO,9,9,32.7,6.3,13.3,.475,1.2,4.6,.268,5.1,8.8,.582,.521,1.7,2.3,.714,1.2,4.2,5.4,2.2,0.4,0.7,1.3,2.8,15.6
TyTy Washington Jr.,PG,22,MIL,1,0,3.0,1.0,2.0,.500,1.0,1.0,1.000,0.0,1.0,.000,.750,0.0,0.0,,0.0,0.0,0.0,0.0,0.0,0.0,1.0,0.0,3.0
Yuta Watanabe,SF,29,PHO,10,0,19.1,1.9,4.6,.413,1.4,3.7,.378,0.5,0.9,.556,.565,0.6,0.7,.857,0.6,2.2,2.8,0.5,0.4,0.3,1.0,1.9,5.8
Lindy Waters III,SG,26,OKC,4,0,6.0,0.0,0.8,.000,0.0,0.8,.000,0.0,0.0,,.000,0.0,0.0,,0.0,0.0,0.0,0.5,0.0,0.0,0.0,0.3,0.0
Trendon Watford,PF,23,BRK,5,0,14.8,2.8,5.2,.538,0.4,1.0,.400,2.4,4.2,.571,.577,1.2,1.2,1.000,1.2,3.0,4.2,2.4,0.8,0.2,1.2,2.2,7.2
Peyton Watson,SF,21,DEN,10,0,14.8,2.1,3.9,.538,0.4,1.3,.308,1.7,2.6,.654,.590,0.3,0.6,.500,0.3,1.6,1.9,0.7,0.6,1.1,0.6,1.3,4.9
Victor Wembanyama,PF,20,SAS,10,10,30.2,7.2,16.1,.447,1.7,5.7,.298,5.5,10.4,.529,.500,3.6,4.7,.766,2.0,6.8,8.8,2.5,1.1,2.4,3.8,2.6,19.7
Blake Wesley,SG,20,SAS,3,0,6.0,1.0,2.7,.375,0.0,0.3,.000,1.0,2.3,.429,.375,0.3,0.7,.500,0.3,0.3,0.7,1.0,0.0,0.3,0.3,0.7,2.3
Russell Westbrook,PG,35,LAC,9,9,31.3,6.2,13.0,.479,1.1,3.4,.323,5.1,9.6,.535,.521,1.1,1.9,.588,1.6,5.6,7.1,6.0,1.9,0.3,3.3,2.9,14.7
Coby White,PG,23,CHI,11,11,31.6,4.6,11.7,.395,1.8,5.7,.317,2.8,6.0,.470,.473,1.5,1.9,.810,0.3,2.7,3.0,4.4,1.1,0.3,1.5,2.5,12.6
Derrick White,SG,29,BOS,8,8,30.0,4.4,9.3,.473,2.1,5.1,.415,2.3,4.1,.545,.588,1.6,2.1,.765,0.9,2.9,3.8,4.5,1.0,1.1,1.3,2.1,12.5
Cam Whitmore,SF,19,HOU,3,0,7.7,1.0,3.0,.333,0.0,1.0,.000,1.0,2.0,.500,.333,0.3,0.7,.500,0.0,1.0,1.0,0.3,0.3,0.0,0.7,0.3,2.3
Aaron Wiggins,SG,25,OKC,8,0,11.4,1.6,3.3,.500,0.3,1.1,.222,1.4,2.1,.647,.538,0.4,0.5,.750,0.3,1.3,1.5,0.5,0.3,0.1,0.5,1.1,3.9
Andrew Wiggins,SF,28,GSW,11,11,26.0,4.3,10.4,.412,0.4,2.4,.154,3.9,8.0,.489,.430,1.6,3.3,.500,1.9,1.8,3.7,1.0,0.2,0.4,1.4,2.2,10.5
Grant Williams,PF,25,DAL,10,10,28.8,3.8,7.6,.500,2.7,5.4,.500,1.1,2.2,.500,.678,1.1,1.7,.647,0.8,2.9,3.7,1.1,0.3,0.7,0.8,2.9,11.4
Jalen Williams,PF,22,OKC,10,10,33.8,6.6,12.6,.524,1.1,3.0,.367,5.5,9.6,.573,.567,3.6,4.2,.857,0.3,3.9,4.2,3.6,0.8,0.3,2.2,3.1,17.9
Jaylin Williams,C,21,OKC,5,0,13.8,1.4,3.2,.438,0.6,2.2,.273,0.8,1.0,.800,.531,1.0,1.2,.833,0.4,3.2,3.6,1.4,0.4,0.4,0.6,2.2,4.4
Jeenathan Williams,SG,24,HOU,2,0,6.5,2.0,3.5,.571,0.0,1.0,.000,2.0,2.5,.800,.571,0.5,1.0,.500,0.0,0.0,0.0,0.5,0.5,0.0,0.0,0.0,4.5
Mark Williams,C,22,CHO,9,9,25.3,5.9,8.1,.726,0.0,0.0,,5.9,8.1,.726,.726,3.0,4.0,.750,3.9,5.3,9.2,1.2,1.0,0.8,1.3,2.2,14.8
Patrick Williams,PF,22,CHI,11,5,23.0,2.1,6.3,.333,0.9,3.2,.286,1.2,3.1,.382,.406,1.0,1.3,.786,0.5,2.5,3.1,1.3,1.1,0.8,1.0,1.6,6.1
Robert Williams,C,26,POR,6,0,19.8,2.8,4.3,.654,0.0,0.0,,2.8,4.3,.654,.654,1.2,1.5,.778,1.8,4.5,6.3,0.8,1.2,1.2,1.2,2.8,6.8
Vince Williams Jr.,SG,23,MEM,3,0,9.0,0.7,2.3,.286,0.3,2.0,.167,0.3,0.3,1.000,.357,2.3,2.7,.875,0.0,1.3,1.3,1.3,0.3,1.0,0.7,1.3,4.0
Ziaire Williams,SF,22,MEM,9,8,25.6,2.9,7.7,.377,1.2,4.2,.289,1.7,3.4,.484,.457,1.1,1.2,.909,0.8,4.8,5.6,1.2,0.4,0.4,1.7,2.1,8.1
Zion Williamson,PF,23,NOP,8,8,31.5,8.6,16.8,.515,0.0,0.1,.000,8.6,16.6,.519,.515,4.4,7.1,.614,2.9,3.6,6.5,4.1,0.8,0.1,2.9,2.8,21.6
Jalen Wilson,PF,23,BRK,2,0,3.5,0.0,0.5,.000,0.0,0.0,,0.0,0.5,.000,.000,0.0,0.0,,0.0,0.5,0.5,0.0,0.0,0.5,0.0,0.0,0.0
Dylan Windler,SF,27,NYK,3,0,2.3,0.3,0.7,.500,0.3,0.7,.500,0.0,0.0,,.750,0.0,0.0,,0.0,0.3,0.3,0.3,0.0,0.0,0.0,0.3,1.0
James Wiseman,C,22,DET,4,0,9.5,2.0,4.0,.500,0.0,0.3,.000,2.0,3.8,.533,.500,0.0,0.0,,1.0,1.8,2.8,0.3,0.3,0.5,0.8,2.0,4.0
Christian Wood,PF,28,LAL,10,1,22.1,2.4,5.2,.462,1.1,2.7,.407,1.3,2.5,.520,.567,1.5,2.4,.625,1.0,5.1,6.1,0.9,0.3,0.7,1.3,2.0,7.4
Delon Wright,PG,31,WAS,8,0,17.6,1.4,3.8,.367,0.5,1.4,.364,0.9,2.4,.368,.433,1.8,2.0,.875,0.4,2.1,2.5,4.4,1.6,0.1,0.5,0.8,5.0
Thaddeus Young,PF,35,TOR,2,0,3.0,1.0,1.5,.667,0.0,0.0,,1.0,1.5,.667,.667,0.0,1.0,.000,0.5,0.5,1.0,1.5,0.0,0.0,0.0,0.0,2.0
Trae Young,PG,25,ATL,9,9,35.8,6.7,18.7,.357,2.2,7.6,.294,4.4,11.1,.400,.417,8.9,9.9,.899,0.8,2.1,2.9,10.2,1.6,0.0,4.2,1.4,24.4
Omer Yurtseven,C,25,UTA,6,0,5.2,1.2,1.7,.700,0.2,0.5,.333,1.0,1.2,.857,.750,0.2,0.3,.500,0.5,1.3,1.8,0.5,0.0,0.2,0.2,1.0,2.7
Cody Zeller,C,31,NOP,7,0,6.9,0.3,1.3,.222,0.0,0.0,,0.3,1.3,.222,.222,0.6,1.1,.500,0.9,1.6,2.4,1.1,0.1,0.0,0.1,0.7,1.1
Ivica Zubac,C,26,LAC,9,9,24.9,4.3,7.1,.609,0.0,0.0,,4.3,7.1,.609,.609,1.8,3.0,.593,2.6,5.3,7.9,0.4,0.2,1.7,1.6,3.2,10.4
